cell_id,p_hotspot_next
4089.0_93.0,0.7408842173834578
4089.0_203.0,0.7401389473236677
4054.0_153.0,0.7372795706947783
4084.0_123.0,0.7334137450216176
4069.0_48.0,0.7326299770075317
4024.0_28.0,0.731248664042612
4049.0_103.0,0.7307638928561366
4089.0_83.0,0.7307287672553633
3939.0_293.0,0.7301079438363449
3954.0_158.0,0.7297082574079654
3964.0_143.0,0.7279526334040793
3949.0_103.0,0.727818027641435
3964.0_68.0,0.7274936905864848
3954.0_148.0,0.7274283066880013
3944.0_158.0,0.727320071112472
4094.0_78.0,0.7267396748246822
3964.0_153.0,0.7267012927642784
3959.0_163.0,0.7254324188338211
4044.0_78.0,0.7251258099301311
3934.0_268.0,0.7250083514856406
3959.0_103.0,0.7248151801050322
4049.0_183.0,0.7247778288633537
3959.0_198.0,0.7246497406546893
3999.0_268.0,0.7244417527667668
4069.0_33.0,0.7244259708254672
3949.0_108.0,0.7243542123182956
3934.0_133.0,0.724343344192904
3934.0_138.0,0.7236577081777068
3924.0_173.0,0.7236143457864501
3929.0_148.0,0.7236026240712439
3994.0_198.0,0.7234076825270006
3959.0_78.0,0.7233000741461226
3959.0_248.0,0.7231571284271817
3969.0_93.0,0.7231158227966028
3934.0_223.0,0.7228169843641179
3969.0_83.0,0.7228160425177594
3959.0_138.0,0.722788960012474
3974.0_53.0,0.7227132050772967
3964.0_193.0,0.722709211733128
3954.0_108.0,0.7226289065988613
3939.0_168.0,0.7226189965077765
3939.0_128.0,0.7225205886852862
3959.0_208.0,0.7222607529101159
3964.0_98.0,0.7221837857543221
3954.0_128.0,0.7221416377913592
3954.0_103.0,0.7221065591060316
3929.0_218.0,0.7220072453746249
3959.0_98.0,0.7219042017655145
3974.0_88.0,0.7218487072470047
4064.0_33.0,0.721757490661794
3964.0_163.0,0.7217191471165388
3949.0_163.0,0.7216848708723886
4069.0_63.0,0.7216506763332093
3914.0_218.0,0.7212846660160436
4054.0_43.0,0.7212758622005823
3959.0_108.0,0.7212644785804084
3939.0_123.0,0.7210896001517094
3944.0_108.0,0.7210244060559375
4019.0_278.0,0.7207315355694517
3994.0_83.0,0.7207067348797661
4044.0_258.0,0.7205845854949043
3934.0_143.0,0.7204997448466004
4034.0_73.0,0.7203380539795361
3944.0_113.0,0.720310101663875
4029.0_28.0,0.7202795175290498
3949.0_123.0,0.7202334215697552
4014.0_253.0,0.7202229618007037
3954.0_203.0,0.7200017319225659
4014.0_263.0,0.719983113109403
4049.0_278.0,0.7199120486595639
4039.0_283.0,0.7198195811802881
3944.0_188.0,0.7197465362986789
3919.0_268.0,0.719580775216684
3979.0_118.0,0.7195460488495027
3924.0_238.0,0.7195065403417099
3954.0_93.0,0.7194098068693067
3944.0_118.0,0.7192595685300079
3989.0_133.0,0.7191995823832114
3974.0_148.0,0.7191056931676251
4074.0_33.0,0.7190885119699495
4089.0_63.0,0.7190356318402154
4034.0_68.0,0.7189544406052926
3949.0_118.0,0.7189237927720741
3979.0_168.0,0.7189185914193809
4079.0_58.0,0.7188853624490544
3974.0_263.0,0.718549743096528
3969.0_88.0,0.7185147679951599
3979.0_163.0,0.7184017851570992
3949.0_113.0,0.7184004574261532
3959.0_83.0,0.7183975066455499
4099.0_93.0,0.7183815514767881
3939.0_118.0,0.718363654776534
3989.0_138.0,0.7181984035707119
3929.0_178.0,0.7181975916332249
3994.0_138.0,0.718123909030313
3949.0_243.0,0.7179976713759735
3974.0_93.0,0.7179721980575123
3919.0_218.0,0.7178886393572247
4079.0_68.0,0.7178554170605075
4009.0_68.0,0.7178152111467213
4069.0_83.0,0.7177578764666726
4039.0_68.0,0.7176962831881858
4039.0_138.0,0.7176948722736939
3964.0_188.0,0.7176546319878151
3934.0_283.0,0.7176390013006572
3984.0_198.0,0.7175883156123978
3994.0_78.0,0.7175653886989585
3954.0_98.0,0.7175594646187654
4009.0_288.0,0.7173447972796938
4049.0_123.0,0.7171789461190792
4084.0_83.0,0.717161363890933
3959.0_88.0,0.7171565707246204
4099.0_68.0,0.717101289822332
3939.0_198.0,0.7170545031731346
3914.0_268.0,0.7170029225526748
4024.0_98.0,0.7169261157879763
3944.0_183.0,0.716898816485041
3959.0_113.0,0.7167314731967129
3954.0_178.0,0.7167244280972593
3964.0_213.0,0.7166316284910976
4089.0_68.0,0.7166153720027573
3974.0_163.0,0.7164430603222252
3974.0_78.0,0.7163950739917737
3959.0_123.0,0.7163793104338764
4029.0_78.0,0.7163719934812414
4099.0_123.0,0.7161242592361121
4059.0_78.0,0.7160821380499416
4099.0_78.0,0.7160244697279822
3954.0_123.0,0.7159020669410874
3934.0_188.0,0.7157166282434076
3964.0_88.0,0.7156945065584126
3994.0_153.0,0.7156797625547476
4004.0_133.0,0.7156754389123817
4009.0_298.0,0.7156524248718371
3929.0_183.0,0.7156182537961351
3974.0_73.0,0.7154797903426058
4039.0_133.0,0.71533105520195
4014.0_223.0,0.7152863255374802
4034.0_78.0,0.7152811650876028
4029.0_118.0,0.7152484282051035
3994.0_218.0,0.7152204569008072
3914.0_263.0,0.7151957090284085
4094.0_68.0,0.71518190672367
4079.0_108.0,0.715156791631723
4094.0_83.0,0.7151512951960441
4049.0_128.0,0.7150955298646839
4084.0_168.0,0.7150717970126432
3989.0_48.0,0.7150703601257848
3999.0_73.0,0.7150056801024954
4054.0_198.0,0.7148376290834497
4024.0_138.0,0.7148166669368636
3964.0_218.0,0.7146839982434136
3999.0_218.0,0.7146297346722347
3949.0_193.0,0.7146157231857055
4094.0_118.0,0.7145138351133401
3924.0_258.0,0.7144422949288938
3949.0_98.0,0.7143438362970345
4089.0_58.0,0.7143087454212889
4034.0_108.0,0.7141620127382594
4049.0_148.0,0.7141097364716443
3944.0_193.0,0.7140520176346735
4089.0_78.0,0.7140155642563837
4059.0_98.0,0.7139539884074662
4074.0_128.0,0.7139460484570418
4094.0_123.0,0.7139162250522652
4014.0_108.0,0.7139130780212994
3964.0_108.0,0.7138944281161391
3914.0_248.0,0.7138650165976228
4054.0_33.0,0.7138592327674222
3984.0_83.0,0.7137188497615563
4069.0_53.0,0.7137089861526158
3964.0_83.0,0.713707534289322
3999.0_208.0,0.7136738065414102
4004.0_48.0,0.7136632372136069
4049.0_83.0,0.71346411479285
4064.0_53.0,0.713449845194416
3989.0_118.0,0.7134022731457544
4004.0_293.0,0.7133402873415051
4034.0_118.0,0.7131611832845836
3964.0_223.0,0.7131550013015205
4089.0_53.0,0.7131156093783062
4004.0_63.0,0.7131001854511002
4019.0_83.0,0.7130776445661908
4079.0_178.0,0.7130395028383458
4019.0_68.0,0.712809401645417
3979.0_88.0,0.7127761322031535
4099.0_73.0,0.7127710248126198
3969.0_103.0,0.7126653528090642
4094.0_63.0,0.7124724696888576
4054.0_58.0,0.7124216055116116
3969.0_73.0,0.7123495638534464
3949.0_183.0,0.7123122750443498
4034.0_233.0,0.712183361859675
4004.0_178.0,0.7120708203267567
4029.0_123.0,0.7120420251991207
4039.0_103.0,0.712029710299047
3984.0_78.0,0.7119613042769762
3989.0_123.0,0.7119319004657947
4059.0_28.0,0.7116145496258426
3984.0_153.0,0.7116078785398159
4054.0_263.0,0.7115725045809749
3924.0_253.0,0.7114183010847035
3989.0_148.0,0.7114053035717427
4054.0_258.0,0.7113991142261994
4084.0_78.0,0.7113215828408641
4089.0_88.0,0.711292598264587
3979.0_83.0,0.7112269414103495
4069.0_58.0,0.7111689433571925
3989.0_83.0,0.7111408977616908
3984.0_88.0,0.710920492868239
4019.0_103.0,0.7107986321886454
3979.0_73.0,0.7107869373054683
4054.0_28.0,0.7106819382736579
3989.0_268.0,0.710662868174667
3974.0_83.0,0.7104619106693403
3994.0_68.0,0.7103968410379994
4079.0_118.0,0.7103863726557976
4009.0_178.0,0.7103356927151975
4014.0_118.0,0.7102696986997311
4019.0_33.0,0.710199354055959
4094.0_53.0,0.7101781699285734
4059.0_158.0,0.7100798193090953
4084.0_68.0,0.7099550560185537
4004.0_168.0,0.709953167468346
4004.0_93.0,0.7098982404206049
4084.0_38.0,0.7098062596751405
4069.0_38.0,0.7097307468086734
4079.0_53.0,0.7097141122476031
4019.0_108.0,0.7095949651751451
3909.0_253.0,0.7095499421147549
4069.0_43.0,0.7095237218471262
3994.0_103.0,0.709495956027261
3974.0_213.0,0.7094884830151604
4074.0_38.0,0.7094613903721141
4039.0_168.0,0.7094499939661895
4094.0_48.0,0.70943717771454
4019.0_93.0,0.7092116161990463
4024.0_38.0,0.7091514290081239
4034.0_98.0,0.7091434647468577
4064.0_138.0,0.709083528833477
4099.0_58.0,0.7090353140237737
3989.0_273.0,0.7088118204084654
4089.0_73.0,0.7088005655070332
4054.0_183.0,0.7087874710715443
4024.0_188.0,0.7087743414863305
4054.0_38.0,0.708717783070404
3979.0_93.0,0.7086940316260076
4084.0_48.0,0.708597867962007
4049.0_28.0,0.7085640864481333
3974.0_68.0,0.7083995329134025
3999.0_163.0,0.7082054255117425
4079.0_88.0,0.7081605085068852
4059.0_243.0,0.7081044604836519
4084.0_103.0,0.7079634222534612
4089.0_128.0,0.7079162947978457
3999.0_123.0,0.7078640247685968
3919.0_253.0,0.7077996468386125
4014.0_83.0,0.7077710366670036
4059.0_43.0,0.7077547668160531
4054.0_83.0,0.707674789169949
4049.0_98.0,0.7076307150624327
4009.0_158.0,0.7076266846115101
4079.0_193.0,0.707617080905076
3984.0_63.0,0.7074471140042002
3999.0_158.0,0.7074091605398306
4059.0_133.0,0.7073492555901986
4054.0_108.0,0.7073469894242644
4044.0_93.0,0.7073425249625824
4064.0_103.0,0.7073229006840624
4059.0_173.0,0.707319125736643
4049.0_23.0,0.7071982196469193
3989.0_68.0,0.7071063704795011
4014.0_63.0,0.7071045641542258
4094.0_88.0,0.7067580190142297
4054.0_68.0,0.7067499435054031
4099.0_83.0,0.7066919945637848
4074.0_48.0,0.7066875530393185
4009.0_78.0,0.7064610796492683
4064.0_108.0,0.7064399313163022
4064.0_28.0,0.7063967517116895
3999.0_193.0,0.7063950469889051
3994.0_188.0,0.7063860373469831
4019.0_183.0,0.7061339611689574
4029.0_38.0,0.7060821268601715
4079.0_183.0,0.7060511218133015
4089.0_123.0,0.7059785425614062
3989.0_108.0,0.7059127471026164
4004.0_143.0,0.7059056149709223
4054.0_103.0,0.7058620396871579
4084.0_183.0,0.7058456291674479
4029.0_73.0,0.7055843221533659
4019.0_53.0,0.7055178633363505
3969.0_98.0,0.7053804012251214
3984.0_108.0,0.705339441613382
4099.0_53.0,0.7053173186588653
3999.0_88.0,0.7052658502276837
4039.0_78.0,0.705236938537315
4054.0_98.0,0.7050621045414041
4069.0_28.0,0.7050191013939963
4064.0_128.0,0.7049618805677931
4089.0_208.0,0.7048109627073615
3989.0_258.0,0.7048091690595785
4084.0_88.0,0.7047344652757856
4034.0_283.0,0.7047006319365952
4094.0_98.0,0.7046625829756787
3984.0_98.0,0.7045805978638587
4019.0_168.0,0.7045087464711985
4054.0_63.0,0.7041635128651832
4074.0_78.0,0.7041538509571063
4014.0_173.0,0.7041532063008781
3994.0_178.0,0.7041300454569834
4059.0_198.0,0.7040658255963538
4084.0_98.0,0.7039351993859225
3994.0_258.0,0.7039057632542252
4049.0_88.0,0.7038501261336164
4009.0_83.0,0.7037750135310872
4074.0_53.0,0.7037430424980503
4019.0_88.0,0.7037277300632112
4004.0_193.0,0.7035843278677433
4009.0_193.0,0.7035817982708149
4064.0_38.0,0.7034353572668679
4079.0_128.0,0.7033198853141848
4059.0_63.0,0.7032729158717501
3999.0_178.0,0.7032217224987682
4054.0_48.0,0.703064151078271
3994.0_88.0,0.7030498268248124
4009.0_88.0,0.7028805293756841
4059.0_88.0,0.7026964478945945
4029.0_283.0,0.7025823247059844
4039.0_253.0,0.7024143760022522
4004.0_218.0,0.7022412845918359
4089.0_43.0,0.7019810567427314
4089.0_48.0,0.7018389041461475
4099.0_103.0,0.7017585275795878
4034.0_53.0,0.7017542954576786
4049.0_53.0,0.7016865099200634
4039.0_48.0,0.7015229323062029
3999.0_228.0,0.7012634451940272
4064.0_43.0,0.701231283535162
4079.0_48.0,0.7012133620813125
4044.0_248.0,0.7011506689139704
3979.0_78.0,0.7011309353287801
4029.0_53.0,0.7011091821701905
4024.0_48.0,0.7009801046179137
3979.0_108.0,0.7009751839281673
4044.0_63.0,0.700815238176969
3984.0_73.0,0.7005941627265244
3919.0_248.0,0.7005455841075031
4049.0_193.0,0.7005422986735134
4024.0_93.0,0.7001727302510797
3999.0_168.0,0.7000909286916169
4029.0_93.0,0.7000493013568669
4079.0_38.0,0.6999668188481135
4039.0_28.0,0.6998956515194866
3989.0_98.0,0.6998718793357248
4094.0_213.0,0.6998421965753812
4044.0_88.0,0.699748653864713
4044.0_33.0,0.6995919203369404
4054.0_73.0,0.6991578547916085
4014.0_228.0,0.6991373060236127
4049.0_33.0,0.6989128204275538
4069.0_213.0,0.6988101596241981
4039.0_88.0,0.6984671685568609
4049.0_43.0,0.6983979490389028
4009.0_223.0,0.6982752547567802
4084.0_43.0,0.6981781642865688
4039.0_38.0,0.6976486529069781
4024.0_83.0,0.6971694535961762
4024.0_163.0,0.6970416255659412
4084.0_53.0,0.6966719460309084
4004.0_108.0,0.6965625410089595
4039.0_248.0,0.6964697417866683
4014.0_93.0,0.6962209916628926
4089.0_218.0,0.6957514066413397
3969.0_338.0,0.6955911029385736
4034.0_58.0,0.6954484098992411
4074.0_73.0,0.6953213169387517
3994.0_93.0,0.6952589458167912
3999.0_108.0,0.6952108421278007
4069.0_103.0,0.694761922671657
4079.0_103.0,0.6943887535490169
4079.0_218.0,0.6943636284573577
4019.0_258.0,0.6939926517418933
4009.0_98.0,0.6935889889185437
4029.0_43.0,0.6934550645314463
4049.0_58.0,0.6930001258033058
4044.0_43.0,0.6926429358983336
3979.0_363.0,0.6923863861290024
4034.0_63.0,0.6918771613460921
4094.0_108.0,0.6899328796808145
4034.0_83.0,0.6898022745617668
4074.0_103.0,0.6870772155780398
3959.0_348.0,0.6868058249711188
4034.0_43.0,0.686709164254848
4044.0_48.0,0.6855909142320529
4049.0_78.0,0.6846307340511367
4039.0_43.0,0.6827024849513901
4039.0_53.0,0.6821239742142567
4054.0_88.0,0.6807075803104717
3979.0_353.0,0.6766369777825404
3979.0_358.0,0.6750418735985265
3954.0_153.0,0.6699787567911746
4004.0_128.0,0.6691879911787426
3959.0_158.0,0.6671576652777779
3934.0_168.0,0.6647957797937261
3979.0_143.0,0.6647313873813754
3944.0_143.0,0.6639065345544862
3969.0_168.0,0.6629078701424632
4064.0_163.0,0.6628081251293745
3909.0_278.0,0.6617257154270817
3934.0_148.0,0.6615847565261209
3944.0_123.0,0.661299189386518
4069.0_183.0,0.6607335892115896
3934.0_203.0,0.6605561721120761
4004.0_73.0,0.6600704872567298
3949.0_128.0,0.6600127627219985
3959.0_148.0,0.6599706667351537
3959.0_203.0,0.6588370831636174
4059.0_33.0,0.6584559081520334
3959.0_218.0,0.6581415116983038
3924.0_278.0,0.6579101353038126
3984.0_123.0,0.657422751985992
3944.0_198.0,0.6568844467640762
3974.0_118.0,0.6568445692933342
3944.0_128.0,0.6567987297378703
3974.0_168.0,0.6565284253876278
3934.0_278.0,0.6564026229765407
3929.0_283.0,0.656338577812396
4089.0_98.0,0.6553936077215897
3949.0_198.0,0.6553471037496812
4029.0_158.0,0.6546516454199586
3979.0_183.0,0.6546461188759811
3924.0_283.0,0.654613785485546
3984.0_243.0,0.6545054065432456
3954.0_213.0,0.6544983527589413
3914.0_283.0,0.6543140104096189
4004.0_283.0,0.6542822581073705
3954.0_223.0,0.6542550103269549
4009.0_278.0,0.6541673909042106
4059.0_148.0,0.6541101544319027
3949.0_248.0,0.6540320435727309
4009.0_128.0,0.6539376425736427
4004.0_153.0,0.6537552517291844
4089.0_118.0,0.6537220519817034
4009.0_188.0,0.6536735197561564
3919.0_283.0,0.6535557131551737
3924.0_273.0,0.6534190098973562
4019.0_293.0,0.653197275598911
3999.0_138.0,0.6531267482741984
4089.0_163.0,0.6530763188668316
3964.0_113.0,0.6528805670941608
4044.0_68.0,0.6528726426168271
3959.0_238.0,0.6528436811359316
3969.0_108.0,0.6528206680972167
4029.0_113.0,0.652785090785193
3984.0_203.0,0.652603459868482
4064.0_93.0,0.6523665278193028
4029.0_138.0,0.652227168326394
3999.0_173.0,0.6520966544527709
4034.0_278.0,0.6520512336158135
3929.0_258.0,0.6519349934308281
3904.0_258.0,0.651925301514628
4019.0_198.0,0.6518632508782982
3924.0_248.0,0.6516825984827552
4064.0_203.0,0.6512548219041591
4014.0_268.0,0.651135902818507
3949.0_148.0,0.6510495250529481
3964.0_78.0,0.6508176158510226
3999.0_133.0,0.6506741859014572
4024.0_133.0,0.6505573400055856
4054.0_53.0,0.6505404430644012
4039.0_123.0,0.6498486614800575
4094.0_193.0,0.6497995058501018
3969.0_143.0,0.6497907740142869
4049.0_178.0,0.6496904129035846
4099.0_63.0,0.6494533837551416
4069.0_193.0,0.6494524452719819
3954.0_258.0,0.6492399494142598
4039.0_228.0,0.6491545465266207
4014.0_113.0,0.6490544451827495
4049.0_263.0,0.6487224035491823
4039.0_158.0,0.6486317801754048
4014.0_153.0,0.6485144697161598
3989.0_253.0,0.6484875545170321
4059.0_53.0,0.6483752819501198
4059.0_48.0,0.6483696019774078
3974.0_58.0,0.648228805930378
4009.0_258.0,0.6480212805355444
3949.0_203.0,0.6480194527287814
4079.0_173.0,0.647969111888163
3999.0_128.0,0.6478102438586528
3954.0_198.0,0.6477768008486124
3929.0_168.0,0.6476434491876065
4054.0_193.0,0.6475420579622703
3989.0_198.0,0.6472620951524789
4049.0_93.0,0.6471641089478876
4054.0_228.0,0.6471191195877058
3989.0_153.0,0.6470741189882205
3989.0_143.0,0.6469291046568088
3944.0_233.0,0.6468871251929956
3964.0_93.0,0.6466800028135197
3984.0_163.0,0.646592272882624
4064.0_223.0,0.6465866654585479
4019.0_48.0,0.6465169966427121
3964.0_253.0,0.646484751618927
3924.0_178.0,0.6464791153494949
4089.0_178.0,0.6463620167492794
3954.0_208.0,0.6462429426653064
4024.0_218.0,0.6461142672698315
4019.0_173.0,0.6460645822753432
3934.0_288.0,0.6460479928130533
4064.0_243.0,0.6460438716283786
4054.0_238.0,0.6460008830656518
4064.0_118.0,0.6456654210424176
4094.0_188.0,0.645541870888776
4039.0_278.0,0.6454455800363998
3964.0_103.0,0.6451538405324702
4069.0_73.0,0.6448669840284035
4084.0_143.0,0.6448498655292368
4039.0_128.0,0.6447426761444963
3924.0_213.0,0.6447162504053126
4019.0_253.0,0.64471360376087
3984.0_143.0,0.6446543509514404
4089.0_133.0,0.6446480626498363
4044.0_188.0,0.6444858588502613
3969.0_213.0,0.6443478802797082
3989.0_213.0,0.644248543550995
3944.0_203.0,0.6442131716635965
4049.0_68.0,0.644062755419405
4024.0_253.0,0.6438920362638644
3974.0_243.0,0.6438421511031694
3939.0_138.0,0.6437381757052608
3999.0_258.0,0.6436305952968621
4004.0_183.0,0.6436214148002124
3989.0_323.0,0.6435032770044594
4029.0_253.0,0.6434768040118514
4024.0_78.0,0.6431358946184157
3909.0_193.0,0.6430527516093218
4059.0_123.0,0.6429392396129012
4014.0_208.0,0.6427392555462542
4084.0_118.0,0.6427119420891231
4094.0_173.0,0.6422701372390812
4004.0_123.0,0.6422177641658596
3924.0_183.0,0.6421276617218719
4064.0_83.0,0.6420964824371032
4064.0_193.0,0.6420642667124672
4029.0_173.0,0.6420209206380298
3989.0_203.0,0.64192049926137
4074.0_133.0,0.6418755239682503
4039.0_218.0,0.6417800233326628
3979.0_208.0,0.6417424107057177
4054.0_138.0,0.6415307456664534
4099.0_98.0,0.6413998102582683
4049.0_238.0,0.6413374643634385
4069.0_118.0,0.641316109587719
3924.0_198.0,0.641285480531548
4099.0_88.0,0.6412525281704188
3954.0_218.0,0.641212344617605
4039.0_23.0,0.6409608586462706
4079.0_163.0,0.6408445793054388
4039.0_173.0,0.6407311109192861
3924.0_208.0,0.6405622766325395
3994.0_238.0,0.6405251162755937
4084.0_73.0,0.6404422591179225
3984.0_133.0,0.6403579185963741
4029.0_178.0,0.6402161097904263
4079.0_83.0,0.6401099028983451
3924.0_203.0,0.6401047416989936
3984.0_268.0,0.6399127990058988
3914.0_228.0,0.6398587370571505
4039.0_118.0,0.6398069003640742
4064.0_198.0,0.6396984523404339
4079.0_143.0,0.6396708476929727
4074.0_118.0,0.6393829635293746
4019.0_98.0,0.6393771684769121
4054.0_178.0,0.639310417958101
4049.0_138.0,0.6392897250413098
4079.0_73.0,0.6391963419489946
3999.0_153.0,0.6389934064901276
3969.0_78.0,0.6388558256293877
4064.0_113.0,0.6386079571189218
4064.0_238.0,0.6385242808687766
3959.0_213.0,0.6384482683053971
3974.0_228.0,0.6382112737240947
4019.0_58.0,0.6379893305942549
3964.0_293.0,0.6377632273830188
4044.0_123.0,0.6377188177581796
4054.0_23.0,0.6376612617377982
4044.0_113.0,0.637392387024779
4084.0_63.0,0.637292933376997
3969.0_113.0,0.6371404822990092
3979.0_68.0,0.6371046187299717
4069.0_228.0,0.6369777094855062
4049.0_213.0,0.6369738698087399
4069.0_68.0,0.6368189257468224
4054.0_113.0,0.6366481509385397
4079.0_123.0,0.6366086784115385
4034.0_38.0,0.6365902529781278
4074.0_123.0,0.6365690717498763
4029.0_33.0,0.6364518113171429
4064.0_98.0,0.6362589028019504
4039.0_98.0,0.6361771149535977
4044.0_218.0,0.6360573814315797
3989.0_278.0,0.6360283436830652
4049.0_73.0,0.6359084332208813
4084.0_178.0,0.6359010048006137
4074.0_83.0,0.6358864256000663
3979.0_293.0,0.6358020407647585
4059.0_128.0,0.6357760484313452
4044.0_173.0,0.6356522535334709
4019.0_283.0,0.6355148342313596
3984.0_53.0,0.6354719439623906
4084.0_208.0,0.6353843709437376
4059.0_163.0,0.6353780001398632
3989.0_88.0,0.6351740223776378
4004.0_113.0,0.6351664215841102
3904.0_268.0,0.6351399131340597
4049.0_218.0,0.635047470296779
4024.0_103.0,0.6349182686362449
4059.0_23.0,0.6348180194895462
4029.0_258.0,0.6348062777480922
4064.0_178.0,0.6347934104516747
3999.0_68.0,0.6346636012833823
4074.0_63.0,0.6345267277012336
3984.0_68.0,0.6345084616905228
4049.0_153.0,0.6344625371319128
3994.0_73.0,0.6343835623277501
4024.0_278.0,0.6343625949127983
3999.0_63.0,0.6343486786291537
3984.0_253.0,0.6343356133331328
4029.0_98.0,0.6343309176271682
4099.0_118.0,0.6343016108432116
4074.0_68.0,0.6342894940324805
4049.0_223.0,0.634198674764577
3994.0_263.0,0.6341837012377745
4009.0_148.0,0.6341618444047007
4044.0_183.0,0.6341500865117172
3909.0_258.0,0.6340771650610605
3974.0_103.0,0.6334917534813455
3994.0_243.0,0.6334693494121056
4064.0_88.0,0.6334497136853463
3974.0_313.0,0.6334138412654219
3999.0_98.0,0.6333452142766486
4094.0_178.0,0.6333286874104433
4054.0_123.0,0.6333178828268994
3994.0_63.0,0.6332086116818896
3994.0_143.0,0.6330581912888167
4039.0_143.0,0.6330212281644456
3979.0_148.0,0.6328560598902809
4034.0_133.0,0.6327893672913635
3969.0_293.0,0.6327247001529206
3929.0_248.0,0.6326830034164955
4054.0_148.0,0.6326465579881674
4054.0_118.0,0.6324560200180546
4014.0_68.0,0.6323377193980277
3899.0_258.0,0.6321464167752268
3989.0_73.0,0.6317502717637572
4014.0_203.0,0.631633966869039
4059.0_73.0,0.6316069174747444
4054.0_248.0,0.6315820628212915
4074.0_198.0,0.6315762750415865
4074.0_168.0,0.63126392090539
4054.0_78.0,0.6312349094000561
4084.0_58.0,0.6311768180913085
4079.0_78.0,0.6311613928265055
4014.0_193.0,0.6310824654266842
4029.0_108.0,0.6309265412889128
4009.0_58.0,0.63074656237098
4074.0_183.0,0.6307392309839285
3994.0_163.0,0.6306457721575152
4084.0_198.0,0.6305543738027429
4024.0_113.0,0.6304628127394896
4074.0_88.0,0.630302091981823
4014.0_168.0,0.6302250406871666
3994.0_208.0,0.6301921647978177
4059.0_103.0,0.630063933512121
4034.0_113.0,0.6300126734305718
3904.0_263.0,0.6298758872917315
3909.0_268.0,0.629846716735075
4014.0_128.0,0.6295896325071357
4029.0_188.0,0.6293422716423892
3984.0_103.0,0.6292665427197213
4014.0_103.0,0.6291033664580613
4064.0_123.0,0.6290007823010307
4059.0_248.0,0.6287215247457484
4004.0_78.0,0.6286120669350984
4044.0_278.0,0.6282975946797944
4004.0_83.0,0.6282864867569868
4019.0_73.0,0.6282407394327326
4069.0_108.0,0.6280239225957724
4009.0_143.0,0.6280192500073536
4084.0_203.0,0.6279504866980673
3999.0_188.0,0.6279443945107507
3909.0_263.0,0.6278619162739156
3909.0_283.0,0.6278589723974598
3994.0_98.0,0.627729251283875
4049.0_273.0,0.6276632152730235
3999.0_253.0,0.6275906915195303
4099.0_198.0,0.627587051196145
4079.0_138.0,0.6274769518038682
4074.0_43.0,0.6274697274652709
3989.0_63.0,0.6273889871355295
4044.0_283.0,0.6272830547187797
4004.0_188.0,0.6272470616832052
3999.0_183.0,0.6271639347503328
3904.0_253.0,0.6271088684568065
4069.0_133.0,0.6269874640665452
4014.0_258.0,0.6265635701874505
4054.0_188.0,0.6265316774549003
4084.0_188.0,0.6264615737767809
4004.0_228.0,0.6264142293791585
4004.0_43.0,0.62639861669117
4059.0_108.0,0.6263720645344287
4084.0_213.0,0.6263076702341475
4019.0_163.0,0.6257142309333877
3989.0_218.0,0.6255284159183063
3979.0_103.0,0.6252409432946489
4059.0_93.0,0.6249938448109995
4069.0_98.0,0.6248373545597102
4094.0_128.0,0.6248038668087176
4014.0_78.0,0.6247561787322349
3989.0_233.0,0.6244998691090708
4014.0_163.0,0.6243382464420909
4034.0_93.0,0.6242417668846513
4019.0_43.0,0.6241032430914286
4034.0_48.0,0.6240998417062303
4084.0_128.0,0.623940113428227
4074.0_213.0,0.6237373873376311
4049.0_198.0,0.6236633656335233
4064.0_48.0,0.6235646412676887
4009.0_293.0,0.6235161068746067
4079.0_223.0,0.6234609289385559
4049.0_48.0,0.623271674201647
4014.0_43.0,0.623263340642665
4014.0_53.0,0.6232071618678175
4064.0_78.0,0.6230138576113841
4089.0_183.0,0.6228565153486493
3999.0_113.0,0.6227755636789797
4049.0_268.0,0.6226458129644946
4044.0_263.0,0.622586559111916
4089.0_103.0,0.6221722859477317
3994.0_168.0,0.6220392111958097
3979.0_98.0,0.6219797209953092
3984.0_213.0,0.6219200556992525
4004.0_158.0,0.6215363092246425
4009.0_93.0,0.6213883384524562
3974.0_108.0,0.6212498267128349
4034.0_23.0,0.6211133180076849
4029.0_233.0,0.6210549814520097
4079.0_208.0,0.6209888965844543
3969.0_223.0,0.6207727752224629
4089.0_108.0,0.6207190287728462
4014.0_58.0,0.6205672623914655
3989.0_208.0,0.6205660717063857
4044.0_83.0,0.6204036915965612
4004.0_103.0,0.6203695064387934
4084.0_93.0,0.6203494817467049
4049.0_63.0,0.6201083227301732
4064.0_133.0,0.6200061587686355
4074.0_108.0,0.6197694077152155
4084.0_148.0,0.6194893631890109
4009.0_108.0,0.6192190426223958
4014.0_98.0,0.6190227905497613
4049.0_243.0,0.6184235917345389
4049.0_38.0,0.6182731063874527
4019.0_63.0,0.6181907902422452
4094.0_103.0,0.6180456262786898
4039.0_58.0,0.6179962501000497
4024.0_168.0,0.6176410909396627
4084.0_108.0,0.6173940612711577
4009.0_73.0,0.6173694711803775
4094.0_113.0,0.6172415721289835
4039.0_263.0,0.6167863011557255
4029.0_63.0,0.6167720157544125
3954.0_113.0,0.6163561282949789
4034.0_28.0,0.6162445470440299
4014.0_48.0,0.6155491416203691
4094.0_93.0,0.6148683377659325
3999.0_213.0,0.614809353355771
4014.0_38.0,0.613997483019752
4044.0_38.0,0.6132076078367527
4074.0_98.0,0.6130544040531712
4019.0_123.0,0.6115563534028613
4099.0_183.0,0.6102384070056347
4044.0_53.0,0.6100639037718749
4039.0_83.0,0.6092363288650094
4034.0_88.0,0.6085744573337161
4069.0_173.0,0.6083081747425534
3974.0_353.0,0.6081896325743494
4079.0_98.0,0.6081686058840117
4019.0_263.0,0.6065405200046848
4054.0_93.0,0.6062823814479393
3964.0_148.0,0.5962521899474754
4029.0_88.0,0.5959632558298933
4029.0_23.0,0.5945580108172197
3979.0_348.0,0.5911880344832898
3999.0_233.0,0.5886142917105458
3949.0_343.0,0.5857591775599591
3949.0_143.0,0.5851156795331436
3979.0_123.0,0.5843759566934691
3974.0_128.0,0.5829332871060842
4024.0_128.0,0.5819868017391184
3939.0_148.0,0.5816996810924036
3994.0_128.0,0.5812603480142208
3944.0_168.0,0.5791145578487682
3904.0_198.0,0.5789047652046603
3984.0_128.0,0.5783366930677446
3969.0_133.0,0.578129720057836
3974.0_183.0,0.5775732759181815
3904.0_218.0,0.577544342497326
3964.0_183.0,0.5768008467629802
4034.0_33.0,0.5759736841407259
3959.0_118.0,0.5751832043009807
3929.0_173.0,0.5748930085369907
3939.0_193.0,0.5748292356855531
3939.0_178.0,0.5747039231400356
3939.0_133.0,0.5745523610466017
3954.0_118.0,0.574432610588265
3939.0_213.0,0.574308411929297
3964.0_198.0,0.5741307665411227
3974.0_133.0,0.5733834821664859
3969.0_208.0,0.5731160401863643
3974.0_363.0,0.572190416357701
4029.0_143.0,0.5714978085866704
4074.0_153.0,0.5714122947114125
3969.0_178.0,0.5713516298040453
4049.0_143.0,0.5713498622013098
3894.0_253.0,0.5712816895148153
3894.0_238.0,0.5710837606862782
4004.0_148.0,0.5707875729229707
3979.0_158.0,0.570525599016009
3974.0_188.0,0.570375598519359
4034.0_153.0,0.5703292844581473
4054.0_233.0,0.5697985567355239
4049.0_118.0,0.5697622422757682
3979.0_178.0,0.5696078317112704
3959.0_223.0,0.5694301440979376
4034.0_143.0,0.569046246539867
4069.0_138.0,0.5689876074405996
3934.0_233.0,0.5689089862885894
4064.0_173.0,0.5688363860765234
4059.0_118.0,0.5684415652284406
3994.0_158.0,0.5681073871448673
3934.0_243.0,0.5678412145870646
4024.0_148.0,0.5676796749980092
4099.0_113.0,0.5674935938870642
4029.0_163.0,0.5671707892029826
4019.0_113.0,0.5670097183922673
4044.0_28.0,0.566974466383353
4054.0_158.0,0.5669315274661585
4024.0_143.0,0.5666067464196559
4059.0_203.0,0.5665829533190369
4064.0_23.0,0.5665640246794085
3999.0_53.0,0.5664431778592779
4044.0_108.0,0.5663154270924455
3954.0_238.0,0.5662681171957736
4019.0_148.0,0.566110662527754
4039.0_153.0,0.5659160705239759
3994.0_148.0,0.5656693716500287
3919.0_273.0,0.5656568954127953
3964.0_118.0,0.5654331560583246
3974.0_193.0,0.5654046089659226
4059.0_208.0,0.565376685931519
4079.0_43.0,0.5648995198586995
4009.0_173.0,0.564763655892241
4069.0_158.0,0.5645311527266451
4049.0_113.0,0.5645233617338649
3984.0_93.0,0.5641897991732842
4039.0_198.0,0.5639720259110191
4079.0_188.0,0.5638527868733028
4059.0_138.0,0.5632763914342179
4059.0_38.0,0.5630559683532129
4014.0_148.0,0.5629096602669825
4079.0_93.0,0.5628253120579764
4024.0_108.0,0.5627119161057155
3954.0_243.0,0.5626494460337836
4099.0_168.0,0.5625922865149254
4069.0_128.0,0.562560117685152
3929.0_243.0,0.5622952531877594
4074.0_193.0,0.5622836488697923
4089.0_158.0,0.5622535371353298
4099.0_108.0,0.5622515408071446
4009.0_138.0,0.5621272138462939
3969.0_118.0,0.562017111354683
4009.0_213.0,0.5619948636074655
4009.0_153.0,0.5619700493975437
4049.0_158.0,0.5619621444132481
4034.0_138.0,0.5619480328752571
4069.0_148.0,0.5618711419622574
4019.0_188.0,0.5618039128735395
4074.0_218.0,0.5617049391712045
3974.0_208.0,0.5615740855347391
4044.0_153.0,0.5614983018899271
4084.0_113.0,0.5612682043476649
3979.0_58.0,0.5610624260653742
4089.0_173.0,0.5609688157928531
4024.0_223.0,0.5607484668551949
3974.0_98.0,0.5604425662924273
4044.0_198.0,0.5603833790568753
4079.0_213.0,0.5599815993778426
3999.0_248.0,0.5598239459426243
3984.0_223.0,0.5597911807924781
4014.0_188.0,0.5596360930434815
3974.0_198.0,0.5595618111743863
3979.0_153.0,0.5591393510497336
4044.0_143.0,0.5590677380590516
4014.0_218.0,0.5590150683893035
4024.0_88.0,0.5588875467060969
3989.0_103.0,0.5586921495018043
4084.0_158.0,0.5585542994413834
4019.0_223.0,0.5585516128196457
4069.0_218.0,0.558334382075418
3974.0_138.0,0.5583215280906864
3994.0_203.0,0.5582604348584361
4094.0_158.0,0.5581531176961894
4024.0_173.0,0.5578810760704146
4079.0_148.0,0.5576952979293627
4049.0_163.0,0.5575027404231173
4019.0_78.0,0.5573028447489442
4079.0_198.0,0.5572602765416922
4094.0_168.0,0.5570928249425335
4009.0_113.0,0.557051709583159
4014.0_138.0,0.5569273968358647
4024.0_178.0,0.5567893894256106
4034.0_193.0,0.5565685567859557
4024.0_123.0,0.5564897863077676
3919.0_243.0,0.5562804760156745
4069.0_123.0,0.5558335585259511
4019.0_203.0,0.5556967365333162
4029.0_198.0,0.5555315251246606
4054.0_243.0,0.5553890527783358
4044.0_163.0,0.5551138742474353
4084.0_133.0,0.555056655433099
3959.0_253.0,0.5543447242566423
4004.0_203.0,0.5543151254382983
4004.0_233.0,0.5541356774477739
4019.0_118.0,0.5541139339322372
4019.0_178.0,0.5534840454037327
4089.0_143.0,0.5533646954323806
3904.0_243.0,0.5532575372579732
3994.0_113.0,0.5530195519736889
4089.0_138.0,0.5527761666779802
4079.0_133.0,0.5527406571635891
3994.0_193.0,0.552721512212429
3949.0_253.0,0.5527004333063266
3999.0_198.0,0.5527001430464114
4029.0_213.0,0.5524545769998069
4024.0_198.0,0.5523129347119544
4074.0_173.0,0.5523008071217624
4039.0_203.0,0.5521829286469075
4039.0_208.0,0.5521011300305319
4049.0_188.0,0.552094811190155
4014.0_238.0,0.5517864229010139
3979.0_188.0,0.551709439186196
4039.0_188.0,0.5508877557572548
3939.0_283.0,0.55038415682151
4009.0_238.0,0.5500938491754539
3984.0_113.0,0.5500478181950141
4069.0_233.0,0.5496764886897294
4039.0_163.0,0.5495005895611152
4074.0_203.0,0.5494483407022036
4014.0_123.0,0.5493361827886454
4014.0_273.0,0.549083579873772
4094.0_153.0,0.5486210857233909
4059.0_223.0,0.5485332193747015
4039.0_243.0,0.5482694927293931
4029.0_278.0,0.5482673153968997
4049.0_168.0,0.5476807704981178
4094.0_138.0,0.5476039470680039
4094.0_183.0,0.5475920773923417
4064.0_218.0,0.5474065533586416
4014.0_248.0,0.5468912791607033
4034.0_248.0,0.5466307341543899
4074.0_58.0,0.5465567525527588
4009.0_203.0,0.5464343972529512
4029.0_223.0,0.5463878105594824
4069.0_113.0,0.5461587271804617
4029.0_268.0,0.5460882732466424
4084.0_218.0,0.5460548017227066
4034.0_203.0,0.5460280636514643
4084.0_138.0,0.5459076870009152
4054.0_203.0,0.5458759418389643
4009.0_103.0,0.5448295795201361
4089.0_213.0,0.5444745404763955
4069.0_88.0,0.5443931771225552
4069.0_178.0,0.5443895787582222
4044.0_288.0,0.5443832312838656
4039.0_238.0,0.5441971287905939
4059.0_218.0,0.5441897749908897
4004.0_258.0,0.544088303646876
4089.0_148.0,0.5440318056451906
4029.0_218.0,0.5440297500649729
4034.0_218.0,0.5438525817737141
4029.0_273.0,0.5431484607399691
4084.0_193.0,0.543043902003204
4059.0_168.0,0.5430149129918929
3999.0_288.0,0.5423097463857632
4044.0_243.0,0.5417618706143628
4039.0_233.0,0.541627132709692
4044.0_223.0,0.5399450613235608
4084.0_153.0,0.5394483463151467
4064.0_183.0,0.539263164431667
4029.0_208.0,0.538554152123289
4034.0_188.0,0.5381924227765765
3979.0_313.0,0.5378252501022489
4019.0_248.0,0.5377951422004053
4099.0_193.0,0.537775636377463
4094.0_143.0,0.5372493955062385
4094.0_203.0,0.5371277692403336
4044.0_193.0,0.5370631766419061
4024.0_203.0,0.5354939067145278
4084.0_163.0,0.5336009250886381
4089.0_113.0,0.5328283376929314
4029.0_248.0,0.528587111140003
4089.0_168.0,0.5272776206072606
4034.0_258.0,0.5267339475094518
4024.0_283.0,0.5239607051330638
4019.0_273.0,0.5230331101138114
3954.0_268.0,0.5220752989352688
3954.0_333.0,0.5213807388956855
3964.0_348.0,0.5199505135230038
3949.0_298.0,0.5179213112010658
3969.0_308.0,0.5174786212528298
3999.0_313.0,0.5172619738129645
3969.0_288.0,0.5169519951776261
3959.0_313.0,0.5115665817441555
4054.0_218.0,0.510911530613907
3959.0_298.0,0.5084759678634176
3959.0_153.0,0.5052270196333141
4009.0_273.0,0.5044323177310347
3939.0_288.0,0.5033499833182236
4019.0_268.0,0.5032023723087263
3964.0_158.0,0.5014784156392277
3929.0_198.0,0.501033048662714
3959.0_303.0,0.5006016602935354
3934.0_298.0,0.49967177035060933
4069.0_198.0,0.4996646848849567
4009.0_303.0,0.4996266357388238
3914.0_198.0,0.49923716169068544
3934.0_263.0,0.49921351326060015
3974.0_303.0,0.4991492558626049
3969.0_188.0,0.4990235228941029
3934.0_198.0,0.49786262207089615
3959.0_288.0,0.4976376978721291
3959.0_268.0,0.49734672154614035
3964.0_248.0,0.4972675532733955
3979.0_283.0,0.49710593378593193
4034.0_293.0,0.4968665281909528
3964.0_288.0,0.4966939534079202
3969.0_63.0,0.4965290725769942
3959.0_173.0,0.4964985777898714
3959.0_143.0,0.49646049634588435
3979.0_53.0,0.49611149738417015
3939.0_268.0,0.49604779701147633
4029.0_68.0,0.4956302422918756
3964.0_258.0,0.49555749541283417
3934.0_218.0,0.4955100146523947
3944.0_163.0,0.49546222654466626
3944.0_268.0,0.49538125278322104
3994.0_273.0,0.4949600186589161
3934.0_208.0,0.49454620032116836
3944.0_263.0,0.49450582822006844
4099.0_203.0,0.49416064981327174
3934.0_213.0,0.4941378580977301
3949.0_283.0,0.49350008102873755
3914.0_193.0,0.4933431159832869
3939.0_208.0,0.49300166761755937
3929.0_253.0,0.4928920702008441
3969.0_313.0,0.49270368485237315
3969.0_193.0,0.49268745322177104
4094.0_73.0,0.4924445059373384
3944.0_243.0,0.4923699542241563
3974.0_288.0,0.4923421096321961
3964.0_278.0,0.49233418020789843
3969.0_268.0,0.4919994780839034
3964.0_303.0,0.49190713154859583
3984.0_173.0,0.4917578390479011
3969.0_203.0,0.49174518917246907
3949.0_268.0,0.49163248373365775
3999.0_298.0,0.49125527526982077
3934.0_178.0,0.4906080156067765
3914.0_208.0,0.49051838961864463
4004.0_323.0,0.4903362347776876
3939.0_343.0,0.4902779753578359
3924.0_188.0,0.4900590878646554
3959.0_193.0,0.489567722449156
3944.0_223.0,0.489555717780619
4004.0_273.0,0.4892835981942229
4054.0_143.0,0.48911117383543257
3939.0_183.0,0.4890610834887453
3959.0_93.0,0.48889417746081887
3964.0_73.0,0.48887834167318667
3999.0_283.0,0.4887437463850646
4069.0_143.0,0.4887134733269877
4029.0_263.0,0.48856215661829383
4004.0_288.0,0.48855759757405515
3964.0_173.0,0.4885010885624651
3934.0_293.0,0.48849155333119576
3964.0_263.0,0.4883845515453051
4009.0_263.0,0.4883414286520684
4029.0_83.0,0.48795012358792716
3919.0_208.0,0.48768691639378214
3959.0_273.0,0.4875190563943838
4074.0_138.0,0.4874029603814147
4009.0_43.0,0.4872762366887189
3959.0_263.0,0.4871887411534161
3954.0_288.0,0.48707811927461475
3949.0_188.0,0.48700463609040473
3939.0_273.0,0.48680214914195397
3954.0_168.0,0.48671166553683615
4004.0_268.0,0.4864547009070253
3969.0_68.0,0.485457936366197
3929.0_293.0,0.4853463018029588
4039.0_93.0,0.4850949266668946
4064.0_153.0,0.48504724220777773
4039.0_63.0,0.48502354981264506
3974.0_268.0,0.48500644124892667
4009.0_168.0,0.48457660718617
3979.0_238.0,0.48411285509039675
3974.0_248.0,0.48395727477731637
3994.0_223.0,0.4839071847718241
4044.0_168.0,0.4838774730104937
4014.0_283.0,0.48376005481297807
4094.0_58.0,0.48326726436259987
4004.0_118.0,0.4832184997128766
4039.0_258.0,0.4829352260107032
4039.0_288.0,0.48276731066485257
3939.0_298.0,0.48265288073173057
3924.0_293.0,0.4825227794754204
4049.0_258.0,0.482369290298464
4029.0_48.0,0.482362561187924
3989.0_293.0,0.4820332808121975
3969.0_263.0,0.4819330386536617
4009.0_318.0,0.4817396666491906
3989.0_78.0,0.48172610672429683
3994.0_123.0,0.48126820652294106
4009.0_218.0,0.4812007905744582
3979.0_63.0,0.481192105572949
3999.0_263.0,0.480879361883917
3999.0_93.0,0.4806633360911644
3999.0_293.0,0.4806124175851807
4009.0_48.0,0.4804564470938746
4079.0_63.0,0.4802424861556722
4099.0_48.0,0.4800906350203357
3979.0_213.0,0.47997015094239626
3944.0_303.0,0.47994775895048686
3979.0_333.0,0.47971496482771203
3989.0_173.0,0.47929395329154967
4099.0_158.0,0.479043410531885
4064.0_68.0,0.4788213184577986
3954.0_303.0,0.4785742370357564
4044.0_73.0,0.4784848914878036
4039.0_223.0,0.47845778041517856
4024.0_63.0,0.47779988407660934
3984.0_258.0,0.4773916839864407
3989.0_288.0,0.47723273186807164
4034.0_238.0,0.4771665671722084
3979.0_288.0,0.4769996949725246
4064.0_73.0,0.4769370142156409
3989.0_263.0,0.4769180167912311
3989.0_128.0,0.47681058361648615
4094.0_208.0,0.47633640113182263
3974.0_333.0,0.47623808914946136
3994.0_228.0,0.47612078217082254
3989.0_228.0,0.4757414147778173
4014.0_178.0,0.47549188650416097
3984.0_218.0,0.4747644598179306
3979.0_138.0,0.4746028658876464
4004.0_138.0,0.4744509760497019
4024.0_293.0,0.47410152484211987
4099.0_128.0,0.4740468811618385
3999.0_48.0,0.4739215174897423
3999.0_83.0,0.47330742250946306
4009.0_268.0,0.4731641790152645
3974.0_63.0,0.47304690479856387
3984.0_58.0,0.4730042187562138
4049.0_208.0,0.4726987918664452
4024.0_68.0,0.4724253736360343
4084.0_173.0,0.4723392038550726
4024.0_33.0,0.47226688097019304
3994.0_233.0,0.4722366669623439
4069.0_78.0,0.4722355117197895
4024.0_233.0,0.4721390721294336
3984.0_308.0,0.472074972909907
3994.0_118.0,0.472002004885299
4024.0_58.0,0.47198323931028435
3984.0_228.0,0.47112144894623814
3979.0_218.0,0.4704600965520548
4044.0_103.0,0.47021515998811697
4029.0_228.0,0.4700990293589936
3984.0_193.0,0.46917939963002286
4059.0_83.0,0.46894231041579354
4019.0_233.0,0.46875947434763926
4019.0_38.0,0.46806734443761444
3994.0_53.0,0.4666465635485843
4024.0_263.0,0.4643135369777563
4004.0_173.0,0.4629115170101529
4024.0_53.0,0.46192100808311315
3979.0_343.0,0.4611889130228362
3969.0_348.0,0.459920071440666
3944.0_343.0,0.4588034872113505
3969.0_353.0,0.4537698909316166
3974.0_318.0,0.452743048970218
3964.0_343.0,0.4507980687010736
3979.0_368.0,0.4440583350410582
3994.0_133.0,0.4318134020004451
3984.0_138.0,0.43129430828229154
3969.0_148.0,0.43120971028188176
3939.0_143.0,0.4301729188182642
3979.0_133.0,0.4272437337464123
3949.0_278.0,0.42668797945786374
3949.0_158.0,0.42587915646879004
3944.0_273.0,0.42556615341188614
3969.0_158.0,0.4253231778138084
4029.0_133.0,0.4249216460397859
3949.0_273.0,0.42464456227913583
4014.0_293.0,0.42449873299811003
3969.0_198.0,0.42440817019849475
3964.0_138.0,0.42392199952992116
3919.0_183.0,0.42352463244199623
3964.0_203.0,0.4231742603969222
3914.0_188.0,0.42261454581118846
4019.0_153.0,0.4223514458356588
3944.0_288.0,0.4218802595446844
3949.0_168.0,0.42164214042960996
3939.0_238.0,0.42162524063476253
3934.0_193.0,0.42153513979552504
4064.0_213.0,0.4211291758396962
3914.0_203.0,0.4208359239727661
3964.0_208.0,0.4206996139816234
3999.0_308.0,0.419666516896076
3919.0_293.0,0.41907298606802446
3949.0_213.0,0.4186872153619759
3939.0_248.0,0.4186490092552461
3929.0_278.0,0.4186129254126449
3949.0_293.0,0.4184772324556399
4019.0_193.0,0.4184076612090833
4074.0_188.0,0.4183706341837866
3929.0_273.0,0.41798226715031056
3969.0_238.0,0.4179785137228343
3929.0_228.0,0.41788952883986236
3919.0_203.0,0.41783676784848045
3974.0_283.0,0.417654320044032
3939.0_233.0,0.4176283862683504
3959.0_183.0,0.41757304934442424
3949.0_173.0,0.41734309383941776
3949.0_263.0,0.4172963016652306
3999.0_303.0,0.4171958818492225
4034.0_148.0,0.41719431570473536
3954.0_143.0,0.4171452912616252
3944.0_178.0,0.4171052600060756
3984.0_318.0,0.41679471176557664
3944.0_278.0,0.4165991412956031
3944.0_293.0,0.4163601001033928
4044.0_158.0,0.416316402527597
3949.0_258.0,0.4163146471386763
4064.0_208.0,0.4162532782646951
3919.0_238.0,0.41613205528811287
3939.0_258.0,0.4161297484212745
3944.0_248.0,0.41604730167442766
4024.0_298.0,0.4158729758962737
3954.0_133.0,0.4158191113133055
3969.0_138.0,0.41567777867096484
3954.0_163.0,0.415609475350386
3989.0_298.0,0.41556920566877953
3979.0_248.0,0.41543512093918866
3959.0_233.0,0.41510209015035543
3954.0_253.0,0.41483679179422916
3924.0_193.0,0.41473713563783077
4059.0_143.0,0.4146980292085189
3984.0_233.0,0.4146580951316155
3989.0_313.0,0.41458295585041477
3939.0_263.0,0.41455388540208976
3979.0_258.0,0.4145185915034524
3974.0_238.0,0.4144477651502956
3909.0_243.0,0.414433792749024
3954.0_273.0,0.41427783206419105
3994.0_298.0,0.4142208808697329
3994.0_308.0,0.41421235519586397
3999.0_278.0,0.413983131893224
3954.0_278.0,0.4134723666625222
3969.0_248.0,0.41343582540137147
3989.0_163.0,0.41328334688192
3974.0_278.0,0.41324778713343224
3974.0_273.0,0.41301081302816584
3949.0_208.0,0.41286624586318016
3969.0_273.0,0.4128130950488886
3984.0_303.0,0.4126670020036117
3969.0_258.0,0.4124606966155934
4019.0_238.0,0.4123597141493672
3959.0_283.0,0.41212416453452416
3969.0_228.0,0.41206066100910077
3969.0_303.0,0.4119895121719756
4034.0_268.0,0.41198475577453253
3974.0_173.0,0.4119644422252419
3914.0_278.0,0.4117556959428055
3999.0_143.0,0.41163923435650024
3969.0_243.0,0.4115879014123755
3989.0_238.0,0.41157190341160416
4004.0_248.0,0.41137575026339185
4009.0_198.0,0.4112963971354348
3974.0_253.0,0.41121311068866745
4014.0_303.0,0.41103581114371834
3969.0_283.0,0.4109732627933617
3979.0_303.0,0.41096321368173416
3919.0_278.0,0.41072490156040464
3984.0_248.0,0.41069444698893287
3984.0_148.0,0.41061170631400784
3939.0_188.0,0.41042030763174214
4029.0_293.0,0.4104195356062016
3929.0_303.0,0.41037503671322834
3939.0_243.0,0.4101832472907721
3989.0_158.0,0.409456007065488
4054.0_253.0,0.40945509052226925
4019.0_218.0,0.409370058837106
3944.0_283.0,0.40935533642460314
3979.0_278.0,0.4090224964649176
4024.0_268.0,0.40892109842052393
4009.0_228.0,0.40889570822710986
3989.0_93.0,0.4088740553645356
4074.0_208.0,0.40877841795480846
3939.0_278.0,0.40873376197233696
3919.0_213.0,0.4085792690922101
3989.0_248.0,0.4084107778859923
4079.0_158.0,0.4083579617076629
3909.0_273.0,0.4083410298641765
3929.0_203.0,0.40825434891872453
3969.0_218.0,0.4082489402543488
3999.0_223.0,0.40824165457270584
3924.0_228.0,0.4081250680889698
4034.0_253.0,0.4081023067645281
3954.0_293.0,0.408062689206657
3969.0_278.0,0.4080364552099592
3989.0_283.0,0.40796088872673864
3949.0_288.0,0.40789620430734747
3934.0_303.0,0.407853937125292
3999.0_203.0,0.40774956593382
3994.0_303.0,0.4077180162690794
3969.0_163.0,0.40769849724573637
4074.0_113.0,0.40767533741347856
4004.0_303.0,0.40757960650804825
4064.0_148.0,0.4074412840613643
3974.0_218.0,0.4072811894653489
3904.0_213.0,0.40726839370418966
3979.0_203.0,0.40715312529425485
3979.0_273.0,0.40714026578523416
3984.0_313.0,0.40704581035826404
4004.0_298.0,0.40694720914059235
3994.0_288.0,0.4068568744516103
3979.0_173.0,0.40679217268884477
4024.0_118.0,0.4067904027552686
3979.0_338.0,0.4066345861118199
3964.0_243.0,0.40662748618096256
4054.0_208.0,0.4065814520373591
3954.0_298.0,0.4065401886931689
3964.0_298.0,0.4063308264220312
3969.0_253.0,0.40632329614501217
4059.0_228.0,0.4062952792340874
3944.0_298.0,0.4062430645493308
3974.0_153.0,0.4061251184271559
4059.0_188.0,0.40599437258874754
4009.0_308.0,0.40578739368539013
3934.0_183.0,0.40573849320936567
4059.0_178.0,0.4057081926623982
4089.0_198.0,0.40564897734700706
3944.0_208.0,0.4054550309727895
3964.0_338.0,0.4053461244009266
3929.0_223.0,0.4053143398495765
3979.0_253.0,0.4051796896406948
3989.0_243.0,0.40515470288591465
3924.0_288.0,0.40504830850807394
3914.0_213.0,0.40499406540688176
3944.0_173.0,0.4049070250526692
4029.0_288.0,0.4047173179136683
3954.0_283.0,0.404620335756364
3919.0_198.0,0.4044342469868408
3934.0_173.0,0.40442582380055825
4009.0_248.0,0.4043607745506521
4014.0_288.0,0.40414514258835027
4064.0_58.0,0.40406136203195725
3979.0_298.0,0.4040502497986066
4014.0_298.0,0.4039465608760642
3949.0_303.0,0.4037739323896701
4059.0_58.0,0.403760170187288
3894.0_243.0,0.40368177233597574
3989.0_168.0,0.4036250901762352
4029.0_243.0,0.4036176078742402
3994.0_283.0,0.40349893622144833
3909.0_198.0,0.40329205606191265
3999.0_323.0,0.40290714742966305
3994.0_268.0,0.4027481994629853
4049.0_228.0,0.4026642383011126
3894.0_248.0,0.4026253105940615
3944.0_218.0,0.4025593804721796
3949.0_218.0,0.40239055555720227
3924.0_223.0,0.4023201920326502
3939.0_173.0,0.4021079616726283
3929.0_213.0,0.40208946527873385
4099.0_178.0,0.4020573117866994
4049.0_233.0,0.4015334459413046
3979.0_128.0,0.4014821880294048
4099.0_188.0,0.40144070049571046
3984.0_323.0,0.40117146053365876
4029.0_103.0,0.40104218334890207
3949.0_228.0,0.4008556091087859
3929.0_188.0,0.40036447686516535
3989.0_223.0,0.40029921279720954
3949.0_223.0,0.40026969561911796
4044.0_118.0,0.40012735835369845
3939.0_203.0,0.39993826984710173
3954.0_193.0,0.39991131089772836
3984.0_238.0,0.39985183496750193
4009.0_123.0,0.3998360177882101
4039.0_73.0,0.3998187089021086
4049.0_173.0,0.39944537249043727
4004.0_68.0,0.39943568125131096
4044.0_98.0,0.3994317499135365
3954.0_263.0,0.3992517905168536
4029.0_238.0,0.399053157566793
4019.0_243.0,0.3989312814503414
4039.0_193.0,0.39882719569321995
3954.0_308.0,0.39871531964733004
3984.0_283.0,0.3985766464201574
3989.0_318.0,0.39836344158863146
4034.0_223.0,0.3982385067073988
4054.0_223.0,0.39822388301762507
4089.0_188.0,0.3979238670204274
3989.0_308.0,0.3978061030652679
3964.0_273.0,0.3977877947761172
4099.0_143.0,0.3977869655974317
4069.0_163.0,0.39774587074120527
3924.0_263.0,0.3977262953589104
3984.0_178.0,0.3976895219188154
3964.0_333.0,0.39762885393600816
4009.0_63.0,0.3973048225148152
4044.0_133.0,0.39723558733538245
3984.0_288.0,0.39711961941383467
4049.0_283.0,0.3966465737189331
3984.0_183.0,0.3966089067541959
4034.0_123.0,0.3963694482409009
4039.0_268.0,0.3962546780856652
3924.0_268.0,0.3955526908998389
3944.0_253.0,0.3954050902545582
3974.0_358.0,0.39483051836713445
3919.0_263.0,0.3948206833805612
3934.0_238.0,0.3948179922860265
4009.0_118.0,0.39472330896889374
3964.0_308.0,0.39461636848761844
4079.0_113.0,0.39453773326361785
3989.0_113.0,0.3944851915987447
4059.0_193.0,0.39430560354131966
4044.0_138.0,0.3941894152579826
4034.0_168.0,0.39412991744141096
4024.0_238.0,0.3939755195884617
4054.0_173.0,0.393934084118975
4079.0_168.0,0.3938296384848934
4034.0_183.0,0.39371438188583613
3984.0_273.0,0.39363982320269864
4009.0_163.0,0.3934915724944872
4094.0_163.0,0.3933183380712049
3964.0_268.0,0.3931884708901305
4094.0_198.0,0.39308876216049543
3994.0_253.0,0.39286651059070576
4044.0_233.0,0.39272217646252755
3984.0_278.0,0.39259360701500334
3934.0_248.0,0.3925134697023043
3939.0_303.0,0.39250579289435
4074.0_143.0,0.39242872540775176
4004.0_308.0,0.3917692373968982
3989.0_193.0,0.39149538466459
4019.0_288.0,0.3914881523516776
4039.0_113.0,0.39137130624608824
3999.0_273.0,0.3909757846564931
3959.0_343.0,0.3909185241778245
3959.0_293.0,0.39090552497973724
3964.0_283.0,0.39044331296193713
3974.0_343.0,0.39042492925977706
4044.0_128.0,0.39017229942211173
4079.0_228.0,0.39011264566987375
4034.0_273.0,0.3899039423682481
3994.0_48.0,0.38989408517472757
4079.0_203.0,0.38984877162735376
4024.0_43.0,0.3897911745686274
4099.0_138.0,0.38974480876063317
3979.0_308.0,0.3896765150300054
4004.0_163.0,0.3896390560973328
4024.0_248.0,0.3888705808104689
3969.0_318.0,0.38880150135992936
3994.0_213.0,0.38875649602379714
3974.0_328.0,0.38867163357531404
4004.0_318.0,0.38862402812000374
4044.0_228.0,0.3883932740317076
3914.0_288.0,0.3876358436845795
3984.0_188.0,0.3875693984089736
4044.0_58.0,0.38712018683609856
4004.0_88.0,0.3868633367127545
3994.0_173.0,0.3868396281050635
4074.0_178.0,0.3865715675701068
4069.0_203.0,0.3865608475877884
3909.0_248.0,0.38632700272207
3929.0_288.0,0.38622911390041015
3994.0_278.0,0.38601686417749076
3924.0_298.0,0.3860141931734643
4029.0_58.0,0.3857969160265328
4004.0_313.0,0.3856876795827223
3964.0_128.0,0.38535186321131165
3989.0_53.0,0.38528261900905403
3984.0_328.0,0.38527069110403067
4024.0_273.0,0.38521981366788516
4014.0_73.0,0.3850429098925
3994.0_293.0,0.38482286514651537
4014.0_233.0,0.38404104611077194
4044.0_208.0,0.38349951457096887
4074.0_223.0,0.38306003544933287
4009.0_253.0,0.3830351195298795
3969.0_128.0,0.3829052773951501
3989.0_178.0,0.3827887484360894
4014.0_88.0,0.38270669996013323
3939.0_323.0,0.3826809154318132
4019.0_303.0,0.3825107562166018
3984.0_298.0,0.3825039831267352
3979.0_323.0,0.38242439890160873
3909.0_288.0,0.3820809275799062
3999.0_43.0,0.38179703469547777
3994.0_313.0,0.38156635445886283
4034.0_213.0,0.38120343892039993
3959.0_318.0,0.38095183037527386
3939.0_328.0,0.38036080072358747
3969.0_323.0,0.380319026141347
4094.0_148.0,0.3788275254833008
4024.0_73.0,0.37865632961053514
3949.0_338.0,0.3765616399898905
3939.0_313.0,0.3762884697324915
4004.0_253.0,0.3755736219209242
3969.0_343.0,0.37460161822955496
3959.0_278.0,0.3741590762341163
4014.0_308.0,0.3734192358636665
3949.0_318.0,0.3719972784374412
3954.0_323.0,0.3712237532788403
3974.0_293.0,0.3705992643758681
3939.0_318.0,0.36752377010731313
3959.0_338.0,0.3644289372882592
3974.0_338.0,0.3624628457132646
4049.0_248.0,0.3615499381823698
3974.0_348.0,0.35712188888398594
3964.0_323.0,0.3569617939550081
3944.0_323.0,0.3520246155382624
3954.0_138.0,0.3478875474827141
3944.0_138.0,0.34719508567214075
3944.0_148.0,0.345188113171655
3949.0_138.0,0.34500416879537027
4024.0_258.0,0.3445577252320471
3909.0_208.0,0.3444835198874446
3939.0_163.0,0.34436751423370415
3969.0_153.0,0.3442844763758164
3984.0_118.0,0.343732243859534
3949.0_133.0,0.34354550362195374
3944.0_133.0,0.34327845526853396
3959.0_73.0,0.3431702374605721
4009.0_133.0,0.343088973449584
3924.0_218.0,0.342909974526195
3919.0_178.0,0.342574369433321
3939.0_218.0,0.34184260570544206
3964.0_168.0,0.34180948948127104
3924.0_233.0,0.3416244673375247
3939.0_223.0,0.34142995776705964
4064.0_143.0,0.3411988970561035
3904.0_223.0,0.34102908568656065
3909.0_218.0,0.3407625933075827
3974.0_123.0,0.3402305526809545
3919.0_228.0,0.3402021369474922
3964.0_133.0,0.33992162839308115
3899.0_208.0,0.3397436174980509
3894.0_228.0,0.33956888012920533
3899.0_218.0,0.33943562459611687
3934.0_228.0,0.3393735994965079
3894.0_223.0,0.3390753067029931
4034.0_128.0,0.33899393196948663
3944.0_153.0,0.338985059598926
3954.0_183.0,0.3388930857778275
3914.0_223.0,0.33863288443140965
3929.0_193.0,0.3384325379422024
3914.0_233.0,0.3384068151618608
3904.0_203.0,0.33830843302254715
3909.0_223.0,0.33830774341465375
3899.0_248.0,0.3382617870647609
3904.0_208.0,0.33807590581053776
3919.0_233.0,0.3378715123388258
3969.0_183.0,0.3378650129682199
3899.0_243.0,0.33786230875762796
3919.0_188.0,0.3376830054207902
3929.0_233.0,0.3376556977105228
3909.0_213.0,0.3376480357910312
3899.0_223.0,0.33754167336877183
3899.0_233.0,0.3374248712739027
3904.0_228.0,0.3373840748410692
3909.0_203.0,0.33697658667979624
3984.0_168.0,0.3369534855480882
4039.0_148.0,0.3369210347109867
3899.0_228.0,0.33684493475170857
3944.0_228.0,0.3366854100553033
3974.0_178.0,0.33658669990905643
3959.0_178.0,0.33616238843024726
3894.0_233.0,0.33610165623029886
3939.0_158.0,0.3360777700648872
3959.0_168.0,0.33604864454554073
3949.0_233.0,0.3358275277695957
3909.0_238.0,0.33547468411768455
3914.0_238.0,0.33545137453193447
3929.0_208.0,0.3354143290512466
3964.0_228.0,0.3350294757960095
4009.0_53.0,0.3350100376848411
3959.0_228.0,0.3349979056035825
3974.0_113.0,0.3349649918762482
3944.0_238.0,0.33494148865912043
3944.0_213.0,0.3349021693535734
4099.0_208.0,0.3347235711025822
4049.0_133.0,0.3345525227310588
3984.0_48.0,0.3345407062346428
4024.0_153.0,0.3345378332940406
3969.0_123.0,0.33429165085738993
3924.0_243.0,0.3335529321517665
3949.0_238.0,0.33350361668222134
4019.0_133.0,0.3333630146783007
3964.0_178.0,0.33331947218696406
4029.0_153.0,0.3331746348159291
4024.0_158.0,0.332592085188798
3919.0_193.0,0.3323634041320812
4064.0_188.0,0.33224678923673506
4059.0_113.0,0.33201484199002457
3939.0_228.0,0.33185072669928756
3899.0_213.0,0.33178870036352703
3969.0_173.0,0.33176232580387144
4034.0_158.0,0.3315104640848127
4074.0_148.0,0.3312079589520399
4054.0_128.0,0.33089993892584657
3914.0_258.0,0.330819012972467
4039.0_108.0,0.3306000325926434
4014.0_143.0,0.33051271154251355
4059.0_153.0,0.33026854193916977
3954.0_188.0,0.3302482909573532
3899.0_238.0,0.3301611065992772
3919.0_258.0,0.3301360848419915
3929.0_268.0,0.3301238238565498
3999.0_58.0,0.3300643159781381
4069.0_208.0,0.3299932405304711
4029.0_128.0,0.3297716146654242
3984.0_158.0,0.32961724005239584
4054.0_133.0,0.32955928117205974
3979.0_223.0,0.32926817620110377
3959.0_188.0,0.3291216289567627
3954.0_88.0,0.32895772321224137
3914.0_243.0,0.3289539233832729
4019.0_138.0,0.3289447968681282
4044.0_203.0,0.3287739105792816
3954.0_173.0,0.3285655282477291
3909.0_228.0,0.3285457273162172
3904.0_233.0,0.3281969385086442
3959.0_243.0,0.32806040588606944
4059.0_213.0,0.3280594614017454
3939.0_253.0,0.32785566686860174
4069.0_188.0,0.3278027036971383
3999.0_148.0,0.3276786762978983
4024.0_193.0,0.32767326695071053
3899.0_253.0,0.32766454788559957
3999.0_118.0,0.3275339858038935
3949.0_178.0,0.32748846049185004
4014.0_213.0,0.32746105755386407
3914.0_253.0,0.32720424194197223
3954.0_233.0,0.3272014519178699
3974.0_158.0,0.3269684386536808
4004.0_53.0,0.3265923039287036
4039.0_178.0,0.3265014740661448
3979.0_243.0,0.32629904831214657
4014.0_133.0,0.32627826473247423
3959.0_133.0,0.32617782358973135
3959.0_128.0,0.326156930348766
3979.0_228.0,0.32614785825787274
4014.0_183.0,0.3257185543679398
4054.0_163.0,0.3256070470396797
3949.0_153.0,0.32550477951825174
4074.0_228.0,0.3254544386775452
4034.0_103.0,0.32545245142203355
4029.0_148.0,0.32544501280189436
3929.0_263.0,0.3254329281516908
4064.0_233.0,0.325405040882931
3929.0_238.0,0.32533446275346817
3999.0_238.0,0.3251208495659824
4034.0_173.0,0.3249282661942958
4044.0_148.0,0.3249186573927055
3919.0_223.0,0.32483185621010885
4079.0_153.0,0.3246985738729746
4044.0_178.0,0.32435523187923015
4039.0_183.0,0.3240786570091794
3994.0_58.0,0.3240326279240767
4009.0_233.0,0.32402972233879546
4029.0_168.0,0.32391395630110675
3974.0_223.0,0.3235813570015771
4019.0_143.0,0.3235010629355092
3934.0_253.0,0.32322860099321027
3964.0_233.0,0.3230480525613873
4069.0_153.0,0.32303451570251707
4014.0_243.0,0.322948774588353
3999.0_78.0,0.32294543340748866
4009.0_183.0,0.3228432618467625
3979.0_198.0,0.32278007571775735
4004.0_98.0,0.322774922633384
3959.0_258.0,0.3226463487507731
4004.0_198.0,0.3226205083233001
4059.0_68.0,0.32259167626010543
4004.0_243.0,0.3225335447536073
3984.0_208.0,0.32252924942753636
3904.0_248.0,0.3224665992758011
4084.0_223.0,0.3223650684630335
3964.0_238.0,0.3222305002723112
4004.0_238.0,0.32215674648110415
4004.0_213.0,0.3220992817793797
4024.0_183.0,0.32209911409297776
3974.0_308.0,0.3218776197891831
4059.0_183.0,0.32183917034601667
4009.0_243.0,0.32178877137750644
4059.0_238.0,0.32153808599981853
4064.0_158.0,0.32136285350135124
4099.0_173.0,0.32130730971547383
3994.0_183.0,0.3212436562531866
4019.0_298.0,0.32107333416773187
4059.0_233.0,0.32105807078817544
3989.0_183.0,0.3209548694749958
3909.0_233.0,0.32088112092272647
4034.0_263.0,0.3205113816152129
3994.0_248.0,0.32031067232496074
4064.0_228.0,0.32014422650929236
3979.0_233.0,0.3200091074635621
4049.0_203.0,0.319869818343622
4024.0_228.0,0.3198111662821479
4034.0_163.0,0.3197617670643978
4009.0_283.0,0.31975130848022243
4074.0_93.0,0.3195918802420169
4034.0_178.0,0.31947556250281833
4099.0_133.0,0.31942467737592756
4019.0_208.0,0.31926652022396934
3999.0_103.0,0.3190283905309237
4054.0_213.0,0.31879659049823883
4029.0_193.0,0.31874902239055497
3989.0_188.0,0.3187148444281637
4004.0_208.0,0.3185782576600572
3914.0_273.0,0.31829157688770987
4004.0_223.0,0.31828463333894325
3989.0_303.0,0.3181074793934844
4044.0_268.0,0.31777083007003776
4074.0_163.0,0.31763848342715967
4019.0_128.0,0.31747923793652066
4044.0_213.0,0.31728636606244576
4049.0_253.0,0.3172589815345286
3934.0_258.0,0.31709724276109996
3989.0_58.0,0.31668721923038795
4019.0_158.0,0.3166679560682109
4069.0_168.0,0.3166572272928782
4054.0_168.0,0.31663715538438325
4089.0_153.0,0.3165835974709355
4069.0_223.0,0.31652429920068625
4089.0_193.0,0.31649038729094225
3914.0_293.0,0.3164391802501051
4044.0_23.0,0.316283219118028
3969.0_233.0,0.3162221053087486
4039.0_273.0,0.3160318198267151
3994.0_108.0,0.31600962458561815
3999.0_318.0,0.3156976122431004
4039.0_33.0,0.31566445537587456
4014.0_198.0,0.31542076405454406
4024.0_213.0,0.3153444556833044
3974.0_298.0,0.3151589731020713
4064.0_168.0,0.3147775716904007
4064.0_63.0,0.31455322375197703
4009.0_38.0,0.3144675001707636
3964.0_313.0,0.3144430300279486
4029.0_183.0,0.3142811742669681
3994.0_318.0,0.3141400598287283
4019.0_228.0,0.31396725909507084
3944.0_258.0,0.3138750313055298
3919.0_288.0,0.31386811907491274
4099.0_148.0,0.3136563871441849
3969.0_298.0,0.3136341016176641
3974.0_258.0,0.3134379769253155
4019.0_213.0,0.3126896401756013
4004.0_58.0,0.3125854688125699
4014.0_278.0,0.3123555747006213
3999.0_243.0,0.3123246669494014
4004.0_263.0,0.31154241505098296
3934.0_273.0,0.31149733920710687
3929.0_298.0,0.3110374999854633
3979.0_263.0,0.31076131258149386
3954.0_248.0,0.3106854037060246
4039.0_213.0,0.310302258396652
4044.0_273.0,0.3098567884015019
4024.0_243.0,0.3097628450294119
4014.0_158.0,0.30973238549865306
4029.0_203.0,0.3090936167787988
3979.0_318.0,0.30900536924802907
4044.0_238.0,0.30887427077487145
4034.0_208.0,0.30875857295648773
4049.0_108.0,0.3086508017736063
3969.0_333.0,0.3082001559818741
4034.0_288.0,0.30793800633062884
3979.0_193.0,0.30705296320592373
4044.0_253.0,0.3067310933268856
3964.0_318.0,0.3060630311384456
3984.0_293.0,0.30528736218753605
3984.0_263.0,0.3051023187371501
3979.0_268.0,0.30393111542503065
4099.0_213.0,0.3028979773921169
4024.0_208.0,0.30276552131727297
4024.0_288.0,0.3026899136502717
3939.0_308.0,0.30140815890506234
4034.0_198.0,0.3002002775967369
3934.0_328.0,0.30007272820495867
3994.0_323.0,0.29955788006925393
4069.0_93.0,0.2989821233866477
3969.0_328.0,0.2972256725875553
3974.0_203.0,0.2970053057817679
3944.0_308.0,0.29637012624631776
3939.0_338.0,0.29523930904080303
3944.0_313.0,0.2942774992760339
4074.0_158.0,0.2914518309670755
3944.0_333.0,0.29123359139290234
3949.0_308.0,0.2904691247372641
4009.0_313.0,0.28901041335650673
3954.0_313.0,0.2883129855969528
3974.0_323.0,0.2880156481074687
3979.0_328.0,0.2879175476591332
3944.0_328.0,0.28769620151848274
3959.0_323.0,0.28723826061949526
3989.0_328.0,0.2857123232654454
3949.0_333.0,0.28389187073925676
4004.0_278.0,0.28356653312939806
3954.0_328.0,0.28255514080508143
3949.0_323.0,0.2822606070539149
3949.0_328.0,0.28112690064894175
3959.0_308.0,0.2804806344553885
4099.0_153.0,0.2798565771776575
3954.0_318.0,0.278264289312288
3939.0_333.0,0.27680443462886617
4034.0_228.0,0.2752613733934987
3949.0_313.0,0.27514561203525834
3944.0_318.0,0.2742592987968421
3964.0_328.0,0.27400582051467415
3934.0_338.0,0.27377070281733545
3934.0_333.0,0.2719408377040056
4034.0_243.0,0.26697837842809874
3959.0_328.0,0.2654717687605453
3954.0_338.0,0.2547439400978859
3944.0_338.0,0.25367175412216353
3934.0_343.0,0.2502881399162699
3959.0_333.0,0.24657984762483556
