cell_id,p_hotspot_next,mid_date,mobility_count,anomaly_prob_norm
4089.0_93.0,0.7408842173834578,2015-01-01,,
3974.0_283.0,0.417654320044032,2015-01-01,,
3919.0_203.0,0.4178367678484804,2015-01-01,,
3929.0_228.0,0.4178895288398623,2015-01-01,,
3969.0_238.0,0.4179785137228343,2015-01-01,,
3929.0_273.0,0.4179822671503105,2015-01-01,,
4074.0_188.0,0.4183706341837866,2015-01-01,,
4019.0_193.0,0.4184076612090833,2015-01-01,,
3949.0_293.0,0.4184772324556399,2015-01-01,,
3929.0_278.0,0.4186129254126449,2015-01-01,,
3939.0_248.0,0.4186490092552461,2015-01-01,,
3949.0_213.0,0.4186872153619759,2015-01-01,,
3939.0_233.0,0.4176283862683504,2015-01-01,,
3919.0_293.0,0.4190729860680244,2015-01-01,,
3964.0_208.0,0.4206996139816234,2015-01-01,,
3914.0_203.0,0.4208359239727661,2015-01-01,,
4064.0_213.0,0.4211291758396962,2015-01-01,,
3934.0_193.0,0.421535139795525,2015-01-01,,
3939.0_238.0,0.4216252406347625,2015-01-01,,
3949.0_168.0,0.4216421404296099,2015-01-01,,
3944.0_288.0,0.4218802595446844,2015-01-01,,
4019.0_153.0,0.4223514458356588,2015-01-01,,
3914.0_188.0,0.4226145458111884,2015-01-01,,
3964.0_203.0,0.4231742603969222,2015-01-01,,
3919.0_183.0,0.4235246324419962,2015-01-01,,
3999.0_308.0,0.419666516896076,2015-01-01,,
3959.0_183.0,0.4175730493444242,2015-01-01,,
3949.0_173.0,0.4173430938394177,2015-01-01,,
3949.0_263.0,0.4172963016652306,2015-01-01,,
3989.0_313.0,0.4145829558504147,2015-01-01,,
3984.0_233.0,0.4146580951316155,2015-01-01,,
4059.0_143.0,0.4146980292085189,2015-01-01,,
3924.0_193.0,0.4147371356378307,2015-01-01,,
3954.0_253.0,0.4148367917942291,2015-01-01,,
3959.0_233.0,0.4151020901503554,2015-01-01,,
3979.0_248.0,0.4154351209391886,2015-01-01,,
3989.0_298.0,0.4155692056687795,2015-01-01,,
3954.0_163.0,0.415609475350386,2015-01-01,,
3969.0_138.0,0.4156777786709648,2015-01-01,,
3954.0_133.0,0.4158191113133055,2015-01-01,,
4024.0_298.0,0.4158729758962737,2015-01-01,,
3944.0_248.0,0.4160473016744276,2015-01-01,,
3939.0_258.0,0.4161297484212745,2015-01-01,,
3919.0_238.0,0.4161320552881128,2015-01-01,,
4064.0_208.0,0.4162532782646951,2015-01-01,,
3949.0_258.0,0.4163146471386763,2015-01-01,,
4044.0_158.0,0.416316402527597,2015-01-01,,
3944.0_293.0,0.4163601001033928,2015-01-01,,
3944.0_278.0,0.4165991412956031,2015-01-01,,
3984.0_318.0,0.4167947117655766,2015-01-01,,
3944.0_178.0,0.4171052600060756,2015-01-01,,
3954.0_143.0,0.4171452912616252,2015-01-01,,
4034.0_148.0,0.4171943157047353,2015-01-01,,
3999.0_303.0,0.4171958818492225,2015-01-01,,
3964.0_138.0,0.4239219995299211,2015-01-01,,
3969.0_198.0,0.4244081701984947,2015-01-01,,
4014.0_293.0,0.42449873299811,2015-01-01,,
3949.0_273.0,0.4246445622791358,2015-01-01,,
4024.0_58.0,0.4719832393102843,2015-01-01,,
3994.0_118.0,0.472002004885299,2015-01-01,,
3984.0_308.0,0.472074972909907,2015-01-01,,
4024.0_233.0,0.4721390721294336,2015-01-01,,
4069.0_78.0,0.4722355117197895,2015-01-01,,
3994.0_233.0,0.4722366669623439,2015-01-01,,
4024.0_33.0,0.472266880970193,2015-01-01,,
4084.0_173.0,0.4723392038550726,2015-01-01,,
4024.0_68.0,0.4724253736360343,2015-01-01,,
4049.0_208.0,0.4726987918664452,2015-01-01,,
3984.0_58.0,0.4730042187562138,2015-01-01,,
3974.0_63.0,0.4730469047985638,2015-01-01,,
4009.0_268.0,0.4731641790152645,2015-01-01,,
3999.0_83.0,0.473307422509463,2015-01-01,,
3999.0_48.0,0.4739215174897423,2015-01-01,,
4099.0_128.0,0.4740468811618385,2015-01-01,,
4024.0_293.0,0.4741015248421198,2015-01-01,,
4004.0_138.0,0.4744509760497019,2015-01-01,,
3979.0_138.0,0.4746028658876464,2015-01-01,,
3984.0_218.0,0.4747644598179306,2015-01-01,,
4014.0_178.0,0.4754918865041609,2015-01-01,,
3989.0_228.0,0.4757414147778173,2015-01-01,,
3994.0_228.0,0.4761207821708225,2015-01-01,,
3974.0_333.0,0.4762380891494613,2015-01-01,,
4094.0_208.0,0.4763364011318226,2015-01-01,,
3984.0_228.0,0.4711214489462381,2015-01-01,,
3939.0_263.0,0.4145538854020897,2015-01-01,,
3979.0_218.0,0.4704600965520548,2015-01-01,,
4029.0_228.0,0.4700990293589936,2015-01-01,,
4029.0_133.0,0.4249216460397859,2015-01-01,,
3969.0_158.0,0.4253231778138084,2015-01-01,,
3944.0_273.0,0.4255661534118861,2015-01-01,,
3949.0_158.0,0.42587915646879,2015-01-01,,
3949.0_278.0,0.4266879794578637,2015-01-01,,
3979.0_133.0,0.4272437337464123,2015-01-01,,
3939.0_143.0,0.4301729188182642,2015-01-01,,
3969.0_148.0,0.4312097102818817,2015-01-01,,
3984.0_138.0,0.4312943082822915,2015-01-01,,
3994.0_133.0,0.4318134020004451,2015-01-01,,
3979.0_368.0,0.4440583350410582,2015-01-01,,
3964.0_343.0,0.4507980687010736,2015-01-01,,
3974.0_318.0,0.452743048970218,2015-01-01,,
3969.0_353.0,0.4537698909316166,2015-01-01,,
3944.0_343.0,0.4588034872113505,2015-01-01,,
3969.0_348.0,0.459920071440666,2015-01-01,,
3979.0_343.0,0.4611889130228362,2015-01-01,,
4024.0_53.0,0.4619210080831131,2015-01-01,,
4004.0_173.0,0.4629115170101529,2015-01-01,,
4024.0_263.0,0.4643135369777563,2015-01-01,,
3994.0_53.0,0.4666465635485843,2015-01-01,,
4019.0_38.0,0.4680673444376144,2015-01-01,,
4019.0_233.0,0.4687594743476392,2015-01-01,,
4059.0_83.0,0.4689423104157935,2015-01-01,,
3984.0_193.0,0.4691793996300228,2015-01-01,,
4044.0_103.0,0.4702151599881169,2015-01-01,,
3979.0_258.0,0.4145185915034524,2015-01-01,,
3974.0_238.0,0.4144477651502956,2015-01-01,,
3909.0_243.0,0.414433792749024,2015-01-01,,
3944.0_298.0,0.4062430645493308,2015-01-01,,
4059.0_228.0,0.4062952792340874,2015-01-01,,
3969.0_253.0,0.4063232961450121,2015-01-01,,
3964.0_298.0,0.4063308264220312,2015-01-01,,
3954.0_298.0,0.4065401886931689,2015-01-01,,
4054.0_208.0,0.4065814520373591,2015-01-01,,
3964.0_243.0,0.4066274861809625,2015-01-01,,
3979.0_338.0,0.4066345861118199,2015-01-01,,
4024.0_118.0,0.4067904027552686,2015-01-01,,
3979.0_173.0,0.4067921726888447,2015-01-01,,
3994.0_288.0,0.4068568744516103,2015-01-01,,
4004.0_298.0,0.4069472091405923,2015-01-01,,
3984.0_313.0,0.407045810358264,2015-01-01,,
3979.0_273.0,0.4071402657852341,2015-01-01,,
3979.0_203.0,0.4071531252942548,2015-01-01,,
3904.0_213.0,0.4072683937041896,2015-01-01,,
3974.0_218.0,0.4072811894653489,2015-01-01,,
4064.0_148.0,0.4074412840613643,2015-01-01,,
4004.0_303.0,0.4075796065080482,2015-01-01,,
4074.0_113.0,0.4076753374134785,2015-01-01,,
3969.0_163.0,0.4076984972457363,2015-01-01,,
3994.0_303.0,0.4077180162690794,2015-01-01,,
3999.0_203.0,0.40774956593382,2015-01-01,,
3934.0_303.0,0.407853937125292,2015-01-01,,
3949.0_288.0,0.4078962043073474,2015-01-01,,
3974.0_153.0,0.4061251184271559,2015-01-01,,
3989.0_283.0,0.4079608887267386,2015-01-01,,
4059.0_188.0,0.4059943725887475,2015-01-01,,
3934.0_183.0,0.4057384932093656,2015-01-01,,
3994.0_283.0,0.4034989362214483,2015-01-01,,
4029.0_243.0,0.4036176078742402,2015-01-01,,
3989.0_168.0,0.4036250901762352,2015-01-01,,
3894.0_243.0,0.4036817723359757,2015-01-01,,
4059.0_58.0,0.403760170187288,2015-01-01,,
3949.0_303.0,0.4037739323896701,2015-01-01,,
4014.0_298.0,0.4039465608760642,2015-01-01,,
3979.0_298.0,0.4040502497986066,2015-01-01,,
4064.0_58.0,0.4040613620319572,2015-01-01,,
4014.0_288.0,0.4041451425883502,2015-01-01,,
4009.0_248.0,0.4043607745506521,2015-01-01,,
3934.0_173.0,0.4044258238005582,2015-01-01,,
3919.0_198.0,0.4044342469868408,2015-01-01,,
3954.0_283.0,0.404620335756364,2015-01-01,,
4029.0_288.0,0.4047173179136683,2015-01-01,,
3944.0_173.0,0.4049070250526692,2015-01-01,,
3914.0_213.0,0.4049940654068817,2015-01-01,,
3924.0_288.0,0.4050483085080739,2015-01-01,,
3989.0_243.0,0.4051547028859146,2015-01-01,,
3979.0_253.0,0.4051796896406948,2015-01-01,,
3929.0_223.0,0.4053143398495765,2015-01-01,,
3964.0_338.0,0.4053461244009266,2015-01-01,,
3944.0_208.0,0.4054550309727895,2015-01-01,,
4089.0_198.0,0.405648977347007,2015-01-01,,
4059.0_178.0,0.4057081926623982,2015-01-01,,
4009.0_308.0,0.4057873936853901,2015-01-01,,
3989.0_128.0,0.4768105836164861,2015-01-01,,
3969.0_278.0,0.4080364552099592,2015-01-01,,
4034.0_253.0,0.4081023067645281,2015-01-01,,
4009.0_198.0,0.4112963971354348,2015-01-01,,
4004.0_248.0,0.4113757502633918,2015-01-01,,
3989.0_238.0,0.4115719034116041,2015-01-01,,
3969.0_243.0,0.4115879014123755,2015-01-01,,
3999.0_143.0,0.4116392343565002,2015-01-01,,
3914.0_278.0,0.4117556959428055,2015-01-01,,
3974.0_173.0,0.4119644422252419,2015-01-01,,
4034.0_268.0,0.4119847557745325,2015-01-01,,
3969.0_303.0,0.4119895121719756,2015-01-01,,
3969.0_228.0,0.4120606610091007,2015-01-01,,
3959.0_283.0,0.4121241645345241,2015-01-01,,
4019.0_238.0,0.4123597141493672,2015-01-01,,
3969.0_258.0,0.4124606966155934,2015-01-01,,
3984.0_303.0,0.4126670020036117,2015-01-01,,
3969.0_273.0,0.4128130950488886,2015-01-01,,
3949.0_208.0,0.4128662458631801,2015-01-01,,
3974.0_273.0,0.4130108130281658,2015-01-01,,
3974.0_278.0,0.4132477871334322,2015-01-01,,
3989.0_163.0,0.41328334688192,2015-01-01,,
3969.0_248.0,0.4134358254013714,2015-01-01,,
3954.0_278.0,0.4134723666625222,2015-01-01,,
3999.0_278.0,0.413983131893224,2015-01-01,,
3994.0_308.0,0.4142123551958639,2015-01-01,,
3994.0_298.0,0.4142208808697329,2015-01-01,,
3954.0_273.0,0.414277832064191,2015-01-01,,
3974.0_253.0,0.4112131106886674,2015-01-01,,
3954.0_293.0,0.408062689206657,2015-01-01,,
4014.0_303.0,0.4110358111437183,2015-01-01,,
3979.0_303.0,0.4109632136817341,2015-01-01,,
3924.0_228.0,0.4081250680889698,2015-01-01,,
3999.0_223.0,0.4082416545727058,2015-01-01,,
3969.0_218.0,0.4082489402543488,2015-01-01,,
3929.0_203.0,0.4082543489187245,2015-01-01,,
3909.0_273.0,0.4083410298641765,2015-01-01,,
4079.0_158.0,0.4083579617076629,2015-01-01,,
3989.0_248.0,0.4084107778859923,2015-01-01,,
3919.0_213.0,0.4085792690922101,2015-01-01,,
3939.0_278.0,0.4087337619723369,2015-01-01,,
4074.0_208.0,0.4087784179548084,2015-01-01,,
3989.0_93.0,0.4088740553645356,2015-01-01,,
4009.0_228.0,0.4088957082271098,2015-01-01,,
4024.0_268.0,0.4089210984205239,2015-01-01,,
3979.0_278.0,0.4090224964649176,2015-01-01,,
3944.0_283.0,0.4093553364246031,2015-01-01,,
4019.0_218.0,0.409370058837106,2015-01-01,,
4054.0_253.0,0.4094550905222692,2015-01-01,,
3989.0_158.0,0.409456007065488,2015-01-01,,
3939.0_243.0,0.4101832472907721,2015-01-01,,
3929.0_303.0,0.4103750367132283,2015-01-01,,
4029.0_293.0,0.4104195356062016,2015-01-01,,
3939.0_188.0,0.4104203076317421,2015-01-01,,
3984.0_148.0,0.4106117063140078,2015-01-01,,
3984.0_248.0,0.4106944469889328,2015-01-01,,
3919.0_278.0,0.4107249015604046,2015-01-01,,
3969.0_283.0,0.4109732627933617,2015-01-01,,
3989.0_263.0,0.4769180167912311,2015-01-01,,
4064.0_73.0,0.4769370142156409,2015-01-01,,
3979.0_288.0,0.4769996949725246,2015-01-01,,
4084.0_163.0,0.5336009250886381,2015-01-01,,
4024.0_203.0,0.5354939067145278,2015-01-01,,
4044.0_193.0,0.5370631766419061,2015-01-01,,
4094.0_203.0,0.5371277692403336,2015-01-01,,
4094.0_143.0,0.5372493955062385,2015-01-01,,
4099.0_193.0,0.537775636377463,2015-01-01,,
4019.0_248.0,0.5377951422004053,2015-01-01,,
3979.0_313.0,0.5378252501022489,2015-01-01,,
4034.0_188.0,0.5381924227765765,2015-01-01,,
4029.0_208.0,0.538554152123289,2015-01-01,,
4064.0_183.0,0.539263164431667,2015-01-01,,
4084.0_153.0,0.5394483463151467,2015-01-01,,
4044.0_223.0,0.5399450613235608,2015-01-01,,
4039.0_233.0,0.541627132709692,2015-01-01,,
4044.0_243.0,0.5417618706143628,2015-01-01,,
3999.0_288.0,0.5423097463857632,2015-01-01,,
4059.0_168.0,0.5430149129918929,2015-01-01,,
4084.0_193.0,0.543043902003204,2015-01-01,,
4029.0_273.0,0.5431484607399691,2015-01-01,,
4034.0_218.0,0.5438525817737141,2015-01-01,,
4029.0_218.0,0.5440297500649729,2015-01-01,,
4089.0_148.0,0.5440318056451906,2015-01-01,,
4004.0_258.0,0.544088303646876,2015-01-01,,
4059.0_218.0,0.5441897749908897,2015-01-01,,
4039.0_238.0,0.5441971287905939,2015-01-01,,
4089.0_113.0,0.5328283376929314,2015-01-01,,
4044.0_288.0,0.5443832312838656,2015-01-01,,
4029.0_248.0,0.528587111140003,2015-01-01,,
4034.0_258.0,0.5267339475094518,2015-01-01,,
3974.0_303.0,0.4991492558626049,2015-01-01,,
3934.0_263.0,0.4992135132606001,2015-01-01,,
3914.0_198.0,0.4992371616906854,2015-01-01,,
4009.0_303.0,0.4996266357388238,2015-01-01,,
4069.0_198.0,0.4996646848849567,2015-01-01,,
3934.0_298.0,0.4996717703506093,2015-01-01,,
3959.0_303.0,0.5006016602935354,2015-01-01,,
3929.0_198.0,0.501033048662714,2015-01-01,,
3964.0_158.0,0.5014784156392277,2015-01-01,,
4019.0_268.0,0.5032023723087263,2015-01-01,,
3939.0_288.0,0.5033499833182236,2015-01-01,,
4009.0_273.0,0.5044323177310347,2015-01-01,,
3959.0_153.0,0.5052270196333141,2015-01-01,,
3959.0_298.0,0.5084759678634176,2015-01-01,,
4054.0_218.0,0.510911530613907,2015-01-01,,
3959.0_313.0,0.5115665817441555,2015-01-01,,
3969.0_288.0,0.5169519951776261,2015-01-01,,
3999.0_313.0,0.5172619738129645,2015-01-01,,
3969.0_308.0,0.5174786212528298,2015-01-01,,
3949.0_298.0,0.5179213112010658,2015-01-01,,
3964.0_348.0,0.5199505135230038,2015-01-01,,
3954.0_333.0,0.5213807388956855,2015-01-01,,
3954.0_268.0,0.5220752989352688,2015-01-01,,
4019.0_273.0,0.5230331101138114,2015-01-01,,
4024.0_283.0,0.5239607051330638,2015-01-01,,
4089.0_168.0,0.5272776206072606,2015-01-01,,
3969.0_188.0,0.4990235228941029,2015-01-01,,
4069.0_178.0,0.5443895787582222,2015-01-01,,
4089.0_213.0,0.5444745404763955,2015-01-01,,
3979.0_188.0,0.551709439186196,2015-01-01,,
4014.0_238.0,0.5517864229010139,2015-01-01,,
4049.0_188.0,0.552094811190155,2015-01-01,,
4039.0_208.0,0.5521011300305319,2015-01-01,,
4039.0_203.0,0.5521829286469075,2015-01-01,,
4074.0_173.0,0.5523008071217624,2015-01-01,,
4024.0_198.0,0.5523129347119544,2015-01-01,,
4029.0_213.0,0.5524545769998069,2015-01-01,,
3999.0_198.0,0.5527001430464114,2015-01-01,,
3949.0_253.0,0.5527004333063266,2015-01-01,,
3994.0_193.0,0.552721512212429,2015-01-01,,
4079.0_133.0,0.5527406571635891,2015-01-01,,
4089.0_138.0,0.5527761666779802,2015-01-01,,
3994.0_113.0,0.5530195519736889,2015-01-01,,
3904.0_243.0,0.5532575372579732,2015-01-01,,
4089.0_143.0,0.5533646954323806,2015-01-01,,
4019.0_178.0,0.5534840454037327,2015-01-01,,
4019.0_118.0,0.5541139339322372,2015-01-01,,
4004.0_233.0,0.5541356774477739,2015-01-01,,
4004.0_203.0,0.5543151254382983,2015-01-01,,
3959.0_253.0,0.5543447242566423,2015-01-01,,
4084.0_133.0,0.555056655433099,2015-01-01,,
4044.0_163.0,0.5551138742474353,2015-01-01,,
4054.0_243.0,0.5553890527783358,2015-01-01,,
4029.0_198.0,0.5555315251246606,2015-01-01,,
4039.0_188.0,0.5508877557572548,2015-01-01,,
4069.0_88.0,0.5443931771225552,2015-01-01,,
3939.0_283.0,0.55038415682151,2015-01-01,,
3984.0_113.0,0.5500478181950141,2015-01-01,,
4009.0_103.0,0.5448295795201361,2015-01-01,,
4054.0_203.0,0.5458759418389643,2015-01-01,,
4084.0_138.0,0.5459076870009152,2015-01-01,,
4034.0_203.0,0.5460280636514643,2015-01-01,,
4084.0_218.0,0.5460548017227066,2015-01-01,,
4029.0_268.0,0.5460882732466424,2015-01-01,,
4069.0_113.0,0.5461587271804617,2015-01-01,,
4029.0_223.0,0.5463878105594824,2015-01-01,,
4009.0_203.0,0.5464343972529512,2015-01-01,,
4074.0_58.0,0.5465567525527588,2015-01-01,,
4034.0_248.0,0.5466307341543899,2015-01-01,,
4014.0_248.0,0.5468912791607033,2015-01-01,,
4064.0_218.0,0.5474065533586416,2015-01-01,,
4094.0_183.0,0.5475920773923417,2015-01-01,,
4094.0_138.0,0.5476039470680039,2015-01-01,,
4049.0_168.0,0.5476807704981178,2015-01-01,,
4029.0_278.0,0.5482673153968997,2015-01-01,,
4039.0_243.0,0.5482694927293931,2015-01-01,,
4059.0_223.0,0.5485332193747015,2015-01-01,,
4094.0_153.0,0.5486210857233909,2015-01-01,,
4014.0_273.0,0.549083579873772,2015-01-01,,
4014.0_123.0,0.5493361827886454,2015-01-01,,
4074.0_203.0,0.5494483407022036,2015-01-01,,
4039.0_163.0,0.5495005895611152,2015-01-01,,
4069.0_233.0,0.5496764886897294,2015-01-01,,
4009.0_238.0,0.5500938491754539,2015-01-01,,
3909.0_198.0,0.4032920560619126,2015-01-01,,
3934.0_198.0,0.4978626220708961,2015-01-01,,
3959.0_268.0,0.4973467215461403,2015-01-01,,
3939.0_298.0,0.4826528807317305,2015-01-01,,
4039.0_288.0,0.4827673106648525,2015-01-01,,
4039.0_258.0,0.4829352260107032,2015-01-01,,
4004.0_118.0,0.4832184997128766,2015-01-01,,
4094.0_58.0,0.4832672643625998,2015-01-01,,
4014.0_283.0,0.483760054812978,2015-01-01,,
4044.0_168.0,0.4838774730104937,2015-01-01,,
3994.0_223.0,0.4839071847718241,2015-01-01,,
3974.0_248.0,0.4839572747773163,2015-01-01,,
3979.0_238.0,0.4841128550903967,2015-01-01,,
4009.0_168.0,0.48457660718617,2015-01-01,,
3974.0_268.0,0.4850064412489266,2015-01-01,,
4039.0_63.0,0.485023549812645,2015-01-01,,
4064.0_153.0,0.4850472422077777,2015-01-01,,
4039.0_93.0,0.4850949266668946,2015-01-01,,
3929.0_293.0,0.4853463018029588,2015-01-01,,
3969.0_68.0,0.485457936366197,2015-01-01,,
4004.0_268.0,0.4864547009070253,2015-01-01,,
3954.0_168.0,0.4867116655368361,2015-01-01,,
3939.0_273.0,0.4868021491419539,2015-01-01,,
3949.0_188.0,0.4870046360904047,2015-01-01,,
3954.0_288.0,0.4870781192746147,2015-01-01,,
3959.0_263.0,0.4871887411534161,2015-01-01,,
4009.0_43.0,0.4872762366887189,2015-01-01,,
4074.0_138.0,0.4874029603814147,2015-01-01,,
3924.0_293.0,0.4825227794754204,2015-01-01,,
3959.0_273.0,0.4875190563943838,2015-01-01,,
4049.0_258.0,0.482369290298464,2015-01-01,,
3989.0_293.0,0.4820332808121975,2015-01-01,,
4034.0_238.0,0.4771665671722084,2015-01-01,,
3989.0_288.0,0.4772327318680716,2015-01-01,,
3984.0_258.0,0.4773916839864407,2015-01-01,,
4024.0_63.0,0.4777998840766093,2015-01-01,,
4039.0_223.0,0.4784577804151785,2015-01-01,,
4044.0_73.0,0.4784848914878036,2015-01-01,,
3954.0_303.0,0.4785742370357564,2015-01-01,,
4064.0_68.0,0.4788213184577986,2015-01-01,,
4099.0_158.0,0.479043410531885,2015-01-01,,
3989.0_173.0,0.4792939532915496,2015-01-01,,
3979.0_333.0,0.479714964827712,2015-01-01,,
3944.0_303.0,0.4799477589504868,2015-01-01,,
3979.0_213.0,0.4799701509423962,2015-01-01,,
4099.0_48.0,0.4800906350203357,2015-01-01,,
4079.0_63.0,0.4802424861556722,2015-01-01,,
4009.0_48.0,0.4804564470938746,2015-01-01,,
3999.0_293.0,0.4806124175851807,2015-01-01,,
3999.0_93.0,0.4806633360911644,2015-01-01,,
3999.0_263.0,0.480879361883917,2015-01-01,,
3979.0_63.0,0.481192105572949,2015-01-01,,
4009.0_218.0,0.4812007905744582,2015-01-01,,
3994.0_123.0,0.481268206522941,2015-01-01,,
3989.0_78.0,0.4817261067242968,2015-01-01,,
4009.0_318.0,0.4817396666491906,2015-01-01,,
3969.0_263.0,0.4819330386536617,2015-01-01,,
4029.0_48.0,0.482362561187924,2015-01-01,,
3959.0_288.0,0.4976376978721291,2015-01-01,,
3919.0_208.0,0.4876869163937821,2015-01-01,,
4009.0_263.0,0.4883414286520684,2015-01-01,,
3969.0_193.0,0.492687453221771,2015-01-01,,
3969.0_313.0,0.4927036848523731,2015-01-01,,
3929.0_253.0,0.4928920702008441,2015-01-01,,
3939.0_208.0,0.4930016676175593,2015-01-01,,
3914.0_193.0,0.4933431159832869,2015-01-01,,
3949.0_283.0,0.4935000810287375,2015-01-01,,
3934.0_213.0,0.4941378580977301,2015-01-01,,
4099.0_203.0,0.4941606498132717,2015-01-01,,
3944.0_263.0,0.4945058282200684,2015-01-01,,
3934.0_208.0,0.4945462003211683,2015-01-01,,
3994.0_273.0,0.4949600186589161,2015-01-01,,
3944.0_268.0,0.495381252783221,2015-01-01,,
3944.0_163.0,0.4954622265446662,2015-01-01,,
3934.0_218.0,0.4955100146523947,2015-01-01,,
3964.0_258.0,0.4955574954128341,2015-01-01,,
4029.0_68.0,0.4956302422918756,2015-01-01,,
3939.0_268.0,0.4960477970114763,2015-01-01,,
3979.0_53.0,0.4961114973841701,2015-01-01,,
3959.0_143.0,0.4964604963458843,2015-01-01,,
3959.0_173.0,0.4964985777898714,2015-01-01,,
3969.0_63.0,0.4965290725769942,2015-01-01,,
3964.0_288.0,0.4966939534079202,2015-01-01,,
4034.0_293.0,0.4968665281909528,2015-01-01,,
3979.0_283.0,0.4971059337859319,2015-01-01,,
3964.0_248.0,0.4972675532733955,2015-01-01,,
4094.0_73.0,0.4924445059373384,2015-01-01,,
4029.0_83.0,0.4879501235879271,2015-01-01,,
3944.0_243.0,0.4923699542241563,2015-01-01,,
3964.0_278.0,0.4923341802078984,2015-01-01,,
3964.0_263.0,0.4883845515453051,2015-01-01,,
3934.0_293.0,0.4884915533311957,2015-01-01,,
3964.0_173.0,0.4885010885624651,2015-01-01,,
4004.0_288.0,0.4885575975740551,2015-01-01,,
4029.0_263.0,0.4885621566182938,2015-01-01,,
4069.0_143.0,0.4887134733269877,2015-01-01,,
3999.0_283.0,0.4887437463850646,2015-01-01,,
3964.0_73.0,0.4888783416731866,2015-01-01,,
3959.0_93.0,0.4888941774608188,2015-01-01,,
3939.0_183.0,0.4890610834887453,2015-01-01,,
4054.0_143.0,0.4891111738354325,2015-01-01,,
4004.0_273.0,0.4892835981942229,2015-01-01,,
3944.0_223.0,0.489555717780619,2015-01-01,,
3959.0_193.0,0.489567722449156,2015-01-01,,
3924.0_188.0,0.4900590878646554,2015-01-01,,
3939.0_343.0,0.4902779753578359,2015-01-01,,
4004.0_323.0,0.4903362347776876,2015-01-01,,
3914.0_208.0,0.4905183896186446,2015-01-01,,
3934.0_178.0,0.4906080156067765,2015-01-01,,
3999.0_298.0,0.4912552752698207,2015-01-01,,
3949.0_268.0,0.4916324837336577,2015-01-01,,
3969.0_203.0,0.491745189172469,2015-01-01,,
3984.0_173.0,0.4917578390479011,2015-01-01,,
3964.0_303.0,0.4919071315485958,2015-01-01,,
3969.0_268.0,0.4919994780839034,2015-01-01,,
3974.0_288.0,0.4923421096321961,2015-01-01,,
3999.0_323.0,0.402907147429663,2015-01-01,,
3994.0_268.0,0.4027481994629853,2015-01-01,,
4049.0_228.0,0.4026642383011126,2015-01-01,,
4004.0_98.0,0.322774922633384,2015-01-01,,
3979.0_198.0,0.3227800757177573,2015-01-01,,
4009.0_183.0,0.3228432618467625,2015-01-01,,
3999.0_78.0,0.3229454334074886,2015-01-01,,
4014.0_243.0,0.322948774588353,2015-01-01,,
4069.0_153.0,0.323034515702517,2015-01-01,,
3964.0_233.0,0.3230480525613873,2015-01-01,,
3934.0_253.0,0.3232286009932102,2015-01-01,,
4019.0_143.0,0.3235010629355092,2015-01-01,,
3974.0_223.0,0.3235813570015771,2015-01-01,,
4029.0_168.0,0.3239139563011067,2015-01-01,,
4009.0_233.0,0.3240297223387954,2015-01-01,,
3994.0_58.0,0.3240326279240767,2015-01-01,,
4039.0_183.0,0.3240786570091794,2015-01-01,,
4044.0_178.0,0.3243552318792301,2015-01-01,,
4079.0_153.0,0.3246985738729746,2015-01-01,,
3919.0_223.0,0.3248318562101088,2015-01-01,,
4044.0_148.0,0.3249186573927055,2015-01-01,,
4034.0_173.0,0.3249282661942958,2015-01-01,,
3999.0_238.0,0.3251208495659824,2015-01-01,,
3929.0_238.0,0.3253344627534681,2015-01-01,,
4064.0_233.0,0.325405040882931,2015-01-01,,
3929.0_263.0,0.3254329281516908,2015-01-01,,
4029.0_148.0,0.3254450128018943,2015-01-01,,
4034.0_103.0,0.3254524514220335,2015-01-01,,
3959.0_258.0,0.3226463487507731,2015-01-01,,
4074.0_228.0,0.3254544386775452,2015-01-01,,
4004.0_198.0,0.3226205083233001,2015-01-01,,
4004.0_243.0,0.3225335447536073,2015-01-01,,
4034.0_163.0,0.3197617670643978,2015-01-01,,
4024.0_228.0,0.3198111662821479,2015-01-01,,
4049.0_203.0,0.319869818343622,2015-01-01,,
3979.0_233.0,0.3200091074635621,2015-01-01,,
4064.0_228.0,0.3201442265092923,2015-01-01,,
3994.0_248.0,0.3203106723249607,2015-01-01,,
4034.0_263.0,0.3205113816152129,2015-01-01,,
3909.0_233.0,0.3208811209227264,2015-01-01,,
3989.0_183.0,0.3209548694749958,2015-01-01,,
4059.0_233.0,0.3210580707881754,2015-01-01,,
4019.0_298.0,0.3210733341677318,2015-01-01,,
3994.0_183.0,0.3212436562531866,2015-01-01,,
4099.0_173.0,0.3213073097154738,2015-01-01,,
4064.0_158.0,0.3213628535013512,2015-01-01,,
4059.0_238.0,0.3215380859998185,2015-01-01,,
4009.0_243.0,0.3217887713775064,2015-01-01,,
4059.0_183.0,0.3218391703460166,2015-01-01,,
3974.0_308.0,0.3218776197891831,2015-01-01,,
4024.0_183.0,0.3220991140929777,2015-01-01,,
4004.0_213.0,0.3220992817793797,2015-01-01,,
4004.0_238.0,0.3221567464811041,2015-01-01,,
3964.0_238.0,0.3222305002723112,2015-01-01,,
4084.0_223.0,0.3223650684630335,2015-01-01,,
3904.0_248.0,0.3224665992758011,2015-01-01,,
3984.0_208.0,0.3225292494275363,2015-01-01,,
4059.0_68.0,0.3225916762601054,2015-01-01,,
4009.0_283.0,0.3197513084802224,2015-01-01,,
3949.0_153.0,0.3255047795182517,2015-01-01,,
4014.0_183.0,0.3257185543679398,2015-01-01,,
4054.0_133.0,0.3295592811720597,2015-01-01,,
3984.0_158.0,0.3296172400523958,2015-01-01,,
4029.0_128.0,0.3297716146654242,2015-01-01,,
4069.0_208.0,0.3299932405304711,2015-01-01,,
3999.0_58.0,0.3300643159781381,2015-01-01,,
3929.0_268.0,0.3301238238565498,2015-01-01,,
3919.0_258.0,0.3301360848419915,2015-01-01,,
3899.0_238.0,0.3301611065992772,2015-01-01,,
3954.0_188.0,0.3302482909573532,2015-01-01,,
4059.0_153.0,0.3302685419391697,2015-01-01,,
4014.0_143.0,0.3305127115425135,2015-01-01,,
4039.0_108.0,0.3306000325926434,2015-01-01,,
3914.0_258.0,0.330819012972467,2015-01-01,,
4054.0_128.0,0.3308999389258465,2015-01-01,,
4074.0_148.0,0.3312079589520399,2015-01-01,,
4034.0_158.0,0.3315104640848127,2015-01-01,,
3969.0_173.0,0.3317623258038714,2015-01-01,,
3899.0_213.0,0.331788700363527,2015-01-01,,
3939.0_228.0,0.3318507266992875,2015-01-01,,
4059.0_113.0,0.3320148419900245,2015-01-01,,
4064.0_188.0,0.332246789236735,2015-01-01,,
3919.0_193.0,0.3323634041320812,2015-01-01,,
4024.0_158.0,0.332592085188798,2015-01-01,,
4029.0_153.0,0.3331746348159291,2015-01-01,,
3964.0_178.0,0.333319472186964,2015-01-01,,
3979.0_223.0,0.3292681762011037,2015-01-01,,
4054.0_163.0,0.3256070470396797,2015-01-01,,
3959.0_188.0,0.3291216289567627,2015-01-01,,
3914.0_243.0,0.3289539233832729,2015-01-01,,
3979.0_228.0,0.3261478582578727,2015-01-01,,
3959.0_128.0,0.326156930348766,2015-01-01,,
3959.0_133.0,0.3261778235897313,2015-01-01,,
4014.0_133.0,0.3262782647324742,2015-01-01,,
3979.0_243.0,0.3262990483121465,2015-01-01,,
4039.0_178.0,0.3265014740661448,2015-01-01,,
4004.0_53.0,0.3265923039287036,2015-01-01,,
3974.0_158.0,0.3269684386536808,2015-01-01,,
3954.0_233.0,0.3272014519178699,2015-01-01,,
3914.0_253.0,0.3272042419419722,2015-01-01,,
4014.0_213.0,0.327461057553864,2015-01-01,,
3949.0_178.0,0.32748846049185,2015-01-01,,
3999.0_118.0,0.3275339858038935,2015-01-01,,
3899.0_253.0,0.3276645478855995,2015-01-01,,
4024.0_193.0,0.3276732669507105,2015-01-01,,
3999.0_148.0,0.3276786762978983,2015-01-01,,
4069.0_188.0,0.3278027036971383,2015-01-01,,
3939.0_253.0,0.3278556668686017,2015-01-01,,
4059.0_213.0,0.3280594614017454,2015-01-01,,
3959.0_243.0,0.3280604058860694,2015-01-01,,
3904.0_233.0,0.3281969385086442,2015-01-01,,
3909.0_228.0,0.3285457273162172,2015-01-01,,
3954.0_173.0,0.3285655282477291,2015-01-01,,
4044.0_203.0,0.3287739105792816,2015-01-01,,
4019.0_138.0,0.3289447968681282,2015-01-01,,
3954.0_88.0,0.3289577232122413,2015-01-01,,
4019.0_133.0,0.3333630146783007,2015-01-01,,
4074.0_93.0,0.3195918802420169,2015-01-01,,
4099.0_133.0,0.3194246773759275,2015-01-01,,
3944.0_313.0,0.2942774992760339,2015-01-01,,
3939.0_338.0,0.295239309040803,2015-01-01,,
3944.0_308.0,0.2963701262463177,2015-01-01,,
3974.0_203.0,0.2970053057817679,2015-01-01,,
3969.0_328.0,0.2972256725875553,2015-01-01,,
4069.0_93.0,0.2989821233866477,2015-01-01,,
3994.0_323.0,0.2995578800692539,2015-01-01,,
3934.0_328.0,0.3000727282049586,2015-01-01,,
4034.0_198.0,0.3002002775967369,2015-01-01,,
3939.0_308.0,0.3014081589050623,2015-01-01,,
4024.0_288.0,0.3026899136502717,2015-01-01,,
4024.0_208.0,0.3027655213172729,2015-01-01,,
4099.0_213.0,0.3028979773921169,2015-01-01,,
3979.0_268.0,0.3039311154250306,2015-01-01,,
3984.0_263.0,0.3051023187371501,2015-01-01,,
3984.0_293.0,0.305287362187536,2015-01-01,,
3964.0_318.0,0.3060630311384456,2015-01-01,,
4044.0_253.0,0.3067310933268856,2015-01-01,,
3979.0_193.0,0.3070529632059237,2015-01-01,,
4034.0_288.0,0.3079380063306288,2015-01-01,,
3969.0_333.0,0.3082001559818741,2015-01-01,,
4049.0_108.0,0.3086508017736063,2015-01-01,,
4034.0_208.0,0.3087585729564877,2015-01-01,,
4044.0_238.0,0.3088742707748714,2015-01-01,,
3979.0_318.0,0.309005369248029,2015-01-01,,
4074.0_158.0,0.2914518309670755,2015-01-01,,
4029.0_203.0,0.3090936167787988,2015-01-01,,
3944.0_333.0,0.2912335913929023,2015-01-01,,
4009.0_313.0,0.2890104133565067,2015-01-01,,
3944.0_338.0,0.2536717541221635,2015-01-01,,
3954.0_338.0,0.2547439400978859,2015-01-01,,
3959.0_328.0,0.2654717687605453,2015-01-01,,
4034.0_243.0,0.2669783784280987,2015-01-01,,
3934.0_333.0,0.2719408377040056,2015-01-01,,
3934.0_338.0,0.2737707028173354,2015-01-01,,
3964.0_328.0,0.2740058205146741,2015-01-01,,
3944.0_318.0,0.2742592987968421,2015-01-01,,
3949.0_313.0,0.2751456120352583,2015-01-01,,
4034.0_228.0,0.2752613733934987,2015-01-01,,
3939.0_333.0,0.2768044346288661,2015-01-01,,
3954.0_318.0,0.278264289312288,2015-01-01,,
4099.0_153.0,0.2798565771776575,2015-01-01,,
3959.0_308.0,0.2804806344553885,2015-01-01,,
3949.0_328.0,0.2811269006489417,2015-01-01,,
3949.0_323.0,0.2822606070539149,2015-01-01,,
3954.0_328.0,0.2825551408050814,2015-01-01,,
4004.0_278.0,0.283566533129398,2015-01-01,,
3949.0_333.0,0.2838918707392567,2015-01-01,,
3989.0_328.0,0.2857123232654454,2015-01-01,,
3959.0_323.0,0.2872382606194952,2015-01-01,,
3944.0_328.0,0.2876962015184827,2015-01-01,,
3979.0_328.0,0.2879175476591332,2015-01-01,,
3974.0_323.0,0.2880156481074687,2015-01-01,,
3954.0_313.0,0.2883129855969528,2015-01-01,,
3949.0_308.0,0.2904691247372641,2015-01-01,,
4034.0_178.0,0.3194755625028183,2015-01-01,,
4014.0_158.0,0.309732385498653,2015-01-01,,
4044.0_273.0,0.3098567884015019,2015-01-01,,
3969.0_233.0,0.3162221053087486,2015-01-01,,
4044.0_23.0,0.316283219118028,2015-01-01,,
3914.0_293.0,0.3164391802501051,2015-01-01,,
4089.0_193.0,0.3164903872909422,2015-01-01,,
4069.0_223.0,0.3165242992006862,2015-01-01,,
4089.0_153.0,0.3165835974709355,2015-01-01,,
4054.0_168.0,0.3166371553843832,2015-01-01,,
4069.0_168.0,0.3166572272928782,2015-01-01,,
4019.0_158.0,0.3166679560682109,2015-01-01,,
3989.0_58.0,0.3166872192303879,2015-01-01,,
3934.0_258.0,0.3170972427610999,2015-01-01,,
4049.0_253.0,0.3172589815345286,2015-01-01,,
4044.0_213.0,0.3172863660624457,2015-01-01,,
4019.0_128.0,0.3174792379365206,2015-01-01,,
4074.0_163.0,0.3176384834271596,2015-01-01,,
4044.0_268.0,0.3177708300700377,2015-01-01,,
3989.0_303.0,0.3181074793934844,2015-01-01,,
4004.0_223.0,0.3182846333389432,2015-01-01,,
3914.0_273.0,0.3182915768877098,2015-01-01,,
4004.0_208.0,0.3185782576600572,2015-01-01,,
3989.0_188.0,0.3187148444281637,2015-01-01,,
4029.0_193.0,0.3187490223905549,2015-01-01,,
4054.0_213.0,0.3187965904982388,2015-01-01,,
3999.0_103.0,0.3190283905309237,2015-01-01,,
4019.0_208.0,0.3192665202239693,2015-01-01,,
4039.0_273.0,0.3160318198267151,2015-01-01,,
4024.0_243.0,0.3097628450294119,2015-01-01,,
3994.0_108.0,0.3160096245856181,2015-01-01,,
4039.0_33.0,0.3156644553758745,2015-01-01,,
4039.0_213.0,0.310302258396652,2015-01-01,,
3954.0_248.0,0.3106854037060246,2015-01-01,,
3979.0_263.0,0.3107613125814938,2015-01-01,,
3929.0_298.0,0.3110374999854633,2015-01-01,,
3934.0_273.0,0.3114973392071068,2015-01-01,,
4004.0_263.0,0.3115424150509829,2015-01-01,,
3999.0_243.0,0.3123246669494014,2015-01-01,,
4014.0_278.0,0.3123555747006213,2015-01-01,,
4004.0_58.0,0.3125854688125699,2015-01-01,,
4019.0_213.0,0.3126896401756013,2015-01-01,,
3974.0_258.0,0.3134379769253155,2015-01-01,,
3969.0_298.0,0.3136341016176641,2015-01-01,,
4099.0_148.0,0.3136563871441849,2015-01-01,,
3919.0_288.0,0.3138681190749127,2015-01-01,,
3944.0_258.0,0.3138750313055298,2015-01-01,,
4019.0_228.0,0.3139672590950708,2015-01-01,,
3994.0_318.0,0.3141400598287283,2015-01-01,,
4029.0_183.0,0.3142811742669681,2015-01-01,,
3964.0_313.0,0.3144430300279486,2015-01-01,,
4009.0_38.0,0.3144675001707636,2015-01-01,,
4064.0_63.0,0.314553223751977,2015-01-01,,
4064.0_168.0,0.3147775716904007,2015-01-01,,
3974.0_298.0,0.3151589731020713,2015-01-01,,
4024.0_213.0,0.3153444556833044,2015-01-01,,
4014.0_198.0,0.315420764054544,2015-01-01,,
3999.0_318.0,0.3156976122431004,2015-01-01,,
4019.0_203.0,0.5556967365333162,2015-01-01,,
3949.0_238.0,0.3335036166822213,2015-01-01,,
3969.0_123.0,0.3342916508573899,2015-01-01,,
3959.0_293.0,0.3909055249797372,2015-01-01,,
3959.0_343.0,0.3909185241778245,2015-01-01,,
3999.0_273.0,0.3909757846564931,2015-01-01,,
4039.0_113.0,0.3913713062460882,2015-01-01,,
4019.0_288.0,0.3914881523516776,2015-01-01,,
3989.0_193.0,0.39149538466459,2015-01-01,,
4004.0_308.0,0.3917692373968982,2015-01-01,,
4074.0_143.0,0.3924287254077517,2015-01-01,,
3939.0_303.0,0.39250579289435,2015-01-01,,
3934.0_248.0,0.3925134697023043,2015-01-01,,
3984.0_278.0,0.3925936070150033,2015-01-01,,
4044.0_233.0,0.3927221764625275,2015-01-01,,
3994.0_253.0,0.3928665105907057,2015-01-01,,
4094.0_198.0,0.3930887621604954,2015-01-01,,
3964.0_268.0,0.3931884708901305,2015-01-01,,
4094.0_163.0,0.3933183380712049,2015-01-01,,
4009.0_163.0,0.3934915724944872,2015-01-01,,
3984.0_273.0,0.3936398232026986,2015-01-01,,
4034.0_183.0,0.3937143818858361,2015-01-01,,
4079.0_168.0,0.3938296384848934,2015-01-01,,
4054.0_173.0,0.393934084118975,2015-01-01,,
4024.0_238.0,0.3939755195884617,2015-01-01,,
4034.0_168.0,0.3941299174414109,2015-01-01,,
4044.0_138.0,0.3941894152579826,2015-01-01,,
4059.0_193.0,0.3943056035413196,2015-01-01,,
3964.0_283.0,0.3904433129619371,2015-01-01,,
3989.0_113.0,0.3944851915987447,2015-01-01,,
3974.0_343.0,0.390424929259777,2015-01-01,,
4079.0_228.0,0.3901126456698737,2015-01-01,,
4029.0_58.0,0.3857969160265328,2015-01-01,,
3924.0_298.0,0.3860141931734643,2015-01-01,,
3994.0_278.0,0.3860168641774907,2015-01-01,,
3929.0_288.0,0.3862291139004101,2015-01-01,,
3909.0_248.0,0.38632700272207,2015-01-01,,
4069.0_203.0,0.3865608475877884,2015-01-01,,
4074.0_178.0,0.3865715675701068,2015-01-01,,
3994.0_173.0,0.3868396281050635,2015-01-01,,
4004.0_88.0,0.3868633367127545,2015-01-01,,
4044.0_58.0,0.3871201868360985,2015-01-01,,
3984.0_188.0,0.3875693984089736,2015-01-01,,
3914.0_288.0,0.3876358436845795,2015-01-01,,
4044.0_228.0,0.3883932740317076,2015-01-01,,
4004.0_318.0,0.3886240281200037,2015-01-01,,
3974.0_328.0,0.388671633575314,2015-01-01,,
3994.0_213.0,0.3887564960237971,2015-01-01,,
3969.0_318.0,0.3888015013599293,2015-01-01,,
4024.0_248.0,0.3888705808104689,2015-01-01,,
4004.0_163.0,0.3896390560973328,2015-01-01,,
3979.0_308.0,0.3896765150300054,2015-01-01,,
4099.0_138.0,0.3897448087606331,2015-01-01,,
4024.0_43.0,0.3897911745686274,2015-01-01,,
4079.0_203.0,0.3898487716273537,2015-01-01,,
3994.0_48.0,0.3898940851747275,2015-01-01,,
4034.0_273.0,0.3899039423682481,2015-01-01,,
4044.0_128.0,0.3901722994221117,2015-01-01,,
4004.0_313.0,0.3856876795827223,2015-01-01,,
4079.0_113.0,0.3945377332636178,2015-01-01,,
4009.0_118.0,0.3947233089688937,2015-01-01,,
4044.0_98.0,0.3994317499135365,2015-01-01,,
4004.0_68.0,0.3994356812513109,2015-01-01,,
4049.0_173.0,0.3994453724904372,2015-01-01,,
4039.0_73.0,0.3998187089021086,2015-01-01,,
4009.0_123.0,0.3998360177882101,2015-01-01,,
3984.0_238.0,0.3998518349675019,2015-01-01,,
3954.0_193.0,0.3999113108977283,2015-01-01,,
3939.0_203.0,0.3999382698471017,2015-01-01,,
4044.0_118.0,0.4001273583536984,2015-01-01,,
3949.0_223.0,0.4002696956191179,2015-01-01,,
3989.0_223.0,0.4002992127972095,2015-01-01,,
3929.0_188.0,0.4003644768651653,2015-01-01,,
3949.0_228.0,0.4008556091087859,2015-01-01,,
4029.0_103.0,0.401042183348902,2015-01-01,,
3984.0_323.0,0.4011714605336587,2015-01-01,,
4099.0_188.0,0.4014407004957104,2015-01-01,,
3979.0_128.0,0.4014821880294048,2015-01-01,,
4049.0_233.0,0.4015334459413046,2015-01-01,,
4099.0_178.0,0.4020573117866994,2015-01-01,,
3929.0_213.0,0.4020894652787338,2015-01-01,,
3939.0_173.0,0.4021079616726283,2015-01-01,,
3924.0_223.0,0.4023201920326502,2015-01-01,,
3949.0_218.0,0.4023905555572022,2015-01-01,,
3944.0_218.0,0.4025593804721796,2015-01-01,,
3894.0_248.0,0.4026253105940615,2015-01-01,,
3954.0_263.0,0.3992517905168536,2015-01-01,,
3964.0_308.0,0.3946163684876184,2015-01-01,,
4029.0_238.0,0.399053157566793,2015-01-01,,
4039.0_193.0,0.3988271956932199,2015-01-01,,
3934.0_238.0,0.3948179922860265,2015-01-01,,
3919.0_263.0,0.3948206833805612,2015-01-01,,
3974.0_358.0,0.3948305183671344,2015-01-01,,
3944.0_253.0,0.3954050902545582,2015-01-01,,
3924.0_268.0,0.3955526908998389,2015-01-01,,
4039.0_268.0,0.3962546780856652,2015-01-01,,
4034.0_123.0,0.3963694482409009,2015-01-01,,
3984.0_183.0,0.3966089067541959,2015-01-01,,
4049.0_283.0,0.3966465737189331,2015-01-01,,
3984.0_288.0,0.3971196194138346,2015-01-01,,
4044.0_133.0,0.3972355873353824,2015-01-01,,
4009.0_63.0,0.3973048225148152,2015-01-01,,
3964.0_333.0,0.3976288539360081,2015-01-01,,
3984.0_178.0,0.3976895219188154,2015-01-01,,
3924.0_263.0,0.3977262953589104,2015-01-01,,
4069.0_163.0,0.3977458707412052,2015-01-01,,
4099.0_143.0,0.3977869655974317,2015-01-01,,
3964.0_273.0,0.3977877947761172,2015-01-01,,
3989.0_308.0,0.3978061030652679,2015-01-01,,
4089.0_188.0,0.3979238670204274,2015-01-01,,
4054.0_223.0,0.398223883017625,2015-01-01,,
4034.0_223.0,0.3982385067073988,2015-01-01,,
3989.0_318.0,0.3983634415886314,2015-01-01,,
3984.0_283.0,0.3985766464201574,2015-01-01,,
3954.0_308.0,0.39871531964733,2015-01-01,,
4019.0_243.0,0.3989312814503414,2015-01-01,,
3924.0_243.0,0.3335529321517665,2015-01-01,,
3964.0_128.0,0.3853518632113116,2015-01-01,,
3984.0_328.0,0.3852706911040306,2015-01-01,,
3919.0_188.0,0.3376830054207902,2015-01-01,,
3899.0_243.0,0.3378623087576279,2015-01-01,,
3969.0_183.0,0.3378650129682199,2015-01-01,,
3919.0_233.0,0.3378715123388258,2015-01-01,,
3904.0_208.0,0.3380759058105377,2015-01-01,,
3899.0_248.0,0.3382617870647609,2015-01-01,,
3909.0_223.0,0.3383077434146537,2015-01-01,,
3904.0_203.0,0.3383084330225471,2015-01-01,,
3914.0_233.0,0.3384068151618608,2015-01-01,,
3929.0_193.0,0.3384325379422024,2015-01-01,,
3914.0_223.0,0.3386328844314096,2015-01-01,,
3954.0_183.0,0.3388930857778275,2015-01-01,,
3944.0_153.0,0.338985059598926,2015-01-01,,
4034.0_128.0,0.3389939319694866,2015-01-01,,
3894.0_223.0,0.3390753067029931,2015-01-01,,
3934.0_228.0,0.3393735994965079,2015-01-01,,
3899.0_218.0,0.3394356245961168,2015-01-01,,
3894.0_228.0,0.3395688801292053,2015-01-01,,
3899.0_208.0,0.3397436174980509,2015-01-01,,
3964.0_133.0,0.3399216283930811,2015-01-01,,
3919.0_228.0,0.3402021369474922,2015-01-01,,
3974.0_123.0,0.3402305526809545,2015-01-01,,
3909.0_218.0,0.3407625933075827,2015-01-01,,
3904.0_223.0,0.3410290856865606,2015-01-01,,
4064.0_143.0,0.3411988970561035,2015-01-01,,
3929.0_233.0,0.3376556977105228,2015-01-01,,
3939.0_223.0,0.3414299577670596,2015-01-01,,
3909.0_213.0,0.3376480357910312,2015-01-01,,
3899.0_233.0,0.3374248712739027,2015-01-01,,
4024.0_153.0,0.3345378332940406,2015-01-01,,
3984.0_48.0,0.3345407062346428,2015-01-01,,
4049.0_133.0,0.3345525227310588,2015-01-01,,
4099.0_208.0,0.3347235711025822,2015-01-01,,
3944.0_213.0,0.3349021693535734,2015-01-01,,
3944.0_238.0,0.3349414886591204,2015-01-01,,
3974.0_113.0,0.3349649918762482,2015-01-01,,
3959.0_228.0,0.3349979056035825,2015-01-01,,
4009.0_53.0,0.3350100376848411,2015-01-01,,
3964.0_228.0,0.3350294757960095,2015-01-01,,
3929.0_208.0,0.3354143290512466,2015-01-01,,
3914.0_238.0,0.3354513745319344,2015-01-01,,
3909.0_238.0,0.3354746841176845,2015-01-01,,
3949.0_233.0,0.3358275277695957,2015-01-01,,
3959.0_168.0,0.3360486445455407,2015-01-01,,
3939.0_158.0,0.3360777700648872,2015-01-01,,
3894.0_233.0,0.3361016562302988,2015-01-01,,
3959.0_178.0,0.3361623884302472,2015-01-01,,
3974.0_178.0,0.3365866999090564,2015-01-01,,
3944.0_228.0,0.3366854100553033,2015-01-01,,
3899.0_228.0,0.3368449347517085,2015-01-01,,
4039.0_148.0,0.3369210347109867,2015-01-01,,
3984.0_168.0,0.3369534855480882,2015-01-01,,
3909.0_203.0,0.3369765866797962,2015-01-01,,
3904.0_228.0,0.3373840748410692,2015-01-01,,
3899.0_223.0,0.3375416733687718,2015-01-01,,
3989.0_53.0,0.385282619009054,2015-01-01,,
3924.0_233.0,0.3416244673375247,2015-01-01,,
3939.0_218.0,0.341842605705442,2015-01-01,,
3939.0_313.0,0.3762884697324915,2015-01-01,,
3949.0_338.0,0.3765616399898905,2015-01-01,,
4024.0_73.0,0.3786563296105351,2015-01-01,,
4094.0_148.0,0.3788275254833008,2015-01-01,,
3969.0_323.0,0.380319026141347,2015-01-01,,
3939.0_328.0,0.3803608007235874,2015-01-01,,
3959.0_318.0,0.3809518303752738,2015-01-01,,
4034.0_213.0,0.3812034389203999,2015-01-01,,
3994.0_313.0,0.3815663544588628,2015-01-01,,
3999.0_43.0,0.3817970346954777,2015-01-01,,
3909.0_288.0,0.3820809275799062,2015-01-01,,
3979.0_323.0,0.3824243989016087,2015-01-01,,
3984.0_298.0,0.3825039831267352,2015-01-01,,
4019.0_303.0,0.3825107562166018,2015-01-01,,
3939.0_323.0,0.3826809154318132,2015-01-01,,
4014.0_88.0,0.3827066999601332,2015-01-01,,
3989.0_178.0,0.3827887484360894,2015-01-01,,
3969.0_128.0,0.3829052773951501,2015-01-01,,
4009.0_253.0,0.3830351195298795,2015-01-01,,
4074.0_223.0,0.3830600354493328,2015-01-01,,
4044.0_208.0,0.3834995145709688,2015-01-01,,
4014.0_233.0,0.3840410461107719,2015-01-01,,
3994.0_293.0,0.3848228651465153,2015-01-01,,
4014.0_73.0,0.3850429098925,2015-01-01,,
4024.0_273.0,0.3852198136678851,2015-01-01,,
4004.0_253.0,0.3755736219209242,2015-01-01,,
3964.0_168.0,0.341809489481271,2015-01-01,,
3969.0_343.0,0.3746016182295549,2015-01-01,,
4014.0_308.0,0.3734192358636665,2015-01-01,,
3919.0_178.0,0.342574369433321,2015-01-01,,
3924.0_218.0,0.342909974526195,2015-01-01,,
4009.0_133.0,0.343088973449584,2015-01-01,,
3959.0_73.0,0.3431702374605721,2015-01-01,,
3944.0_133.0,0.3432784552685339,2015-01-01,,
3949.0_133.0,0.3435455036219537,2015-01-01,,
3984.0_118.0,0.343732243859534,2015-01-01,,
3969.0_153.0,0.3442844763758164,2015-01-01,,
3939.0_163.0,0.3443675142337041,2015-01-01,,
3909.0_208.0,0.3444835198874446,2015-01-01,,
4024.0_258.0,0.3445577252320471,2015-01-01,,
3949.0_138.0,0.3450041687953702,2015-01-01,,
3944.0_148.0,0.345188113171655,2015-01-01,,
3944.0_138.0,0.3471950856721407,2015-01-01,,
3954.0_138.0,0.3478875474827141,2015-01-01,,
3944.0_323.0,0.3520246155382624,2015-01-01,,
3964.0_323.0,0.3569617939550081,2015-01-01,,
3974.0_348.0,0.3571218888839859,2015-01-01,,
4049.0_248.0,0.3615499381823698,2015-01-01,,
3974.0_338.0,0.3624628457132646,2015-01-01,,
3959.0_338.0,0.3644289372882592,2015-01-01,,
3939.0_318.0,0.3675237701073131,2015-01-01,,
3974.0_293.0,0.3705992643758681,2015-01-01,,
3954.0_323.0,0.3712237532788403,2015-01-01,,
3949.0_318.0,0.3719972784374412,2015-01-01,,
3959.0_278.0,0.3741590762341163,2015-01-01,,
4069.0_123.0,0.5558335585259511,2015-01-01,,
3919.0_243.0,0.5562804760156745,2015-01-01,,
4024.0_123.0,0.5564897863077676,2015-01-01,,
4009.0_83.0,0.7037750135310872,2015-01-01,,
4049.0_88.0,0.7038501261336164,2015-01-01,,
3994.0_258.0,0.7039057632542252,2015-01-01,,
4084.0_98.0,0.7039351993859225,2015-01-01,,
4059.0_198.0,0.7040658255963538,2015-01-01,,
3994.0_178.0,0.7041300454569834,2015-01-01,,
4014.0_173.0,0.7041532063008781,2015-01-01,,
4074.0_78.0,0.7041538509571063,2015-01-01,,
4054.0_63.0,0.7041635128651832,2015-01-01,,
4019.0_168.0,0.7045087464711985,2015-01-01,,
3984.0_98.0,0.7045805978638587,2015-01-01,,
4094.0_98.0,0.7046625829756787,2015-01-01,,
4034.0_283.0,0.7047006319365952,2015-01-01,,
4084.0_88.0,0.7047344652757856,2015-01-01,,
3989.0_258.0,0.7048091690595785,2015-01-01,,
4089.0_208.0,0.7048109627073615,2015-01-01,,
4064.0_128.0,0.7049618805677931,2015-01-01,,
4069.0_28.0,0.7050191013939963,2015-01-01,,
4054.0_98.0,0.7050621045414041,2015-01-01,,
4039.0_78.0,0.705236938537315,2015-01-01,,
3999.0_88.0,0.7052658502276837,2015-01-01,,
4099.0_53.0,0.7053173186588653,2015-01-01,,
3984.0_108.0,0.705339441613382,2015-01-01,,
3969.0_98.0,0.7053804012251214,2015-01-01,,
4019.0_53.0,0.7055178633363505,2015-01-01,,
4074.0_53.0,0.7037430424980503,2015-01-01,,
4029.0_73.0,0.7055843221533659,2015-01-01,,
4019.0_88.0,0.7037277300632112,2015-01-01,,
4009.0_193.0,0.7035817982708149,2015-01-01,,
3979.0_108.0,0.7009751839281673,2015-01-01,,
4024.0_48.0,0.7009801046179137,2015-01-01,,
4029.0_53.0,0.7011091821701905,2015-01-01,,
3979.0_78.0,0.7011309353287801,2015-01-01,,
4044.0_248.0,0.7011506689139704,2015-01-01,,
4079.0_48.0,0.7012133620813125,2015-01-01,,
4064.0_43.0,0.701231283535162,2015-01-01,,
3999.0_228.0,0.7012634451940272,2015-01-01,,
4039.0_48.0,0.7015229323062029,2015-01-01,,
4049.0_53.0,0.7016865099200634,2015-01-01,,
4034.0_53.0,0.7017542954576786,2015-01-01,,
4099.0_103.0,0.7017585275795878,2015-01-01,,
4089.0_48.0,0.7018389041461475,2015-01-01,,
4089.0_43.0,0.7019810567427314,2015-01-01,,
4004.0_218.0,0.7022412845918359,2015-01-01,,
4039.0_253.0,0.7024143760022522,2015-01-01,,
4029.0_283.0,0.7025823247059844,2015-01-01,,
4059.0_88.0,0.7026964478945945,2015-01-01,,
4009.0_88.0,0.7028805293756841,2015-01-01,,
3994.0_88.0,0.7030498268248124,2015-01-01,,
4054.0_48.0,0.703064151078271,2015-01-01,,
3999.0_178.0,0.7032217224987682,2015-01-01,,
4059.0_63.0,0.7032729158717501,2015-01-01,,
4079.0_128.0,0.7033198853141848,2015-01-01,,
4064.0_38.0,0.7034353572668679,2015-01-01,,
4004.0_193.0,0.7035843278677433,2015-01-01,,
4044.0_63.0,0.700815238176969,2015-01-01,,
4084.0_183.0,0.7058456291674479,2015-01-01,,
4004.0_143.0,0.7059056149709223,2015-01-01,,
4014.0_83.0,0.7077710366670036,2015-01-01,,
3919.0_253.0,0.7077996468386125,2015-01-01,,
3999.0_123.0,0.7078640247685968,2015-01-01,,
4089.0_128.0,0.7079162947978457,2015-01-01,,
4084.0_103.0,0.7079634222534612,2015-01-01,,
4059.0_243.0,0.7081044604836519,2015-01-01,,
4079.0_88.0,0.7081605085068852,2015-01-01,,
3999.0_163.0,0.7082054255117425,2015-01-01,,
3974.0_68.0,0.7083995329134025,2015-01-01,,
4049.0_28.0,0.7085640864481333,2015-01-01,,
4084.0_48.0,0.708597867962007,2015-01-01,,
3979.0_93.0,0.7086940316260076,2015-01-01,,
4054.0_38.0,0.708717783070404,2015-01-01,,
4024.0_188.0,0.7087743414863305,2015-01-01,,
4054.0_183.0,0.7087874710715443,2015-01-01,,
4089.0_73.0,0.7088005655070332,2015-01-01,,
3989.0_273.0,0.7088118204084654,2015-01-01,,
4099.0_58.0,0.7090353140237737,2015-01-01,,
4064.0_138.0,0.709083528833477,2015-01-01,,
4034.0_98.0,0.7091434647468577,2015-01-01,,
4024.0_38.0,0.7091514290081239,2015-01-01,,
4019.0_93.0,0.7092116161990463,2015-01-01,,
4094.0_48.0,0.70943717771454,2015-01-01,,
4039.0_168.0,0.7094499939661895,2015-01-01,,
4074.0_38.0,0.7094613903721141,2015-01-01,,
4059.0_43.0,0.7077547668160531,2015-01-01,,
4054.0_103.0,0.7058620396871579,2015-01-01,,
4054.0_83.0,0.707674789169949,2015-01-01,,
4009.0_158.0,0.7076266846115101,2015-01-01,,
3989.0_108.0,0.7059127471026164,2015-01-01,,
4089.0_123.0,0.7059785425614062,2015-01-01,,
4079.0_183.0,0.7060511218133015,2015-01-01,,
4029.0_38.0,0.7060821268601715,2015-01-01,,
4019.0_183.0,0.7061339611689574,2015-01-01,,
3994.0_188.0,0.7063860373469831,2015-01-01,,
3999.0_193.0,0.7063950469889051,2015-01-01,,
4064.0_28.0,0.7063967517116895,2015-01-01,,
4064.0_108.0,0.7064399313163022,2015-01-01,,
4009.0_78.0,0.7064610796492683,2015-01-01,,
4074.0_48.0,0.7066875530393185,2015-01-01,,
4099.0_83.0,0.7066919945637848,2015-01-01,,
4054.0_68.0,0.7067499435054031,2015-01-01,,
4094.0_88.0,0.7067580190142297,2015-01-01,,
4014.0_63.0,0.7071045641542258,2015-01-01,,
3989.0_68.0,0.7071063704795011,2015-01-01,,
4049.0_23.0,0.7071982196469193,2015-01-01,,
4059.0_173.0,0.707319125736643,2015-01-01,,
4064.0_103.0,0.7073229006840624,2015-01-01,,
4044.0_93.0,0.7073425249625824,2015-01-01,,
4054.0_108.0,0.7073469894242644,2015-01-01,,
4059.0_133.0,0.7073492555901986,2015-01-01,,
3999.0_158.0,0.7074091605398306,2015-01-01,,
3984.0_63.0,0.7074471140042002,2015-01-01,,
4079.0_193.0,0.707617080905076,2015-01-01,,
4049.0_98.0,0.7076307150624327,2015-01-01,,
3974.0_213.0,0.7094884830151604,2015-01-01,,
3984.0_73.0,0.7005941627265244,2015-01-01,,
4049.0_193.0,0.7005422986735134,2015-01-01,,
3979.0_183.0,0.6546461188759811,2015-01-01,,
4029.0_158.0,0.6546516454199586,2015-01-01,,
3949.0_198.0,0.6553471037496812,2015-01-01,,
4089.0_98.0,0.6553936077215897,2015-01-01,,
3929.0_283.0,0.656338577812396,2015-01-01,,
3934.0_278.0,0.6564026229765407,2015-01-01,,
3974.0_168.0,0.6565284253876278,2015-01-01,,
3944.0_128.0,0.6567987297378703,2015-01-01,,
3974.0_118.0,0.6568445692933342,2015-01-01,,
3944.0_198.0,0.6568844467640762,2015-01-01,,
3984.0_123.0,0.657422751985992,2015-01-01,,
3924.0_278.0,0.6579101353038126,2015-01-01,,
3959.0_218.0,0.6581415116983038,2015-01-01,,
4059.0_33.0,0.6584559081520334,2015-01-01,,
3959.0_203.0,0.6588370831636174,2015-01-01,,
3959.0_148.0,0.6599706667351537,2015-01-01,,
3949.0_128.0,0.6600127627219985,2015-01-01,,
4004.0_73.0,0.6600704872567298,2015-01-01,,
3934.0_203.0,0.6605561721120761,2015-01-01,,
4069.0_183.0,0.6607335892115896,2015-01-01,,
3944.0_123.0,0.661299189386518,2015-01-01,,
3934.0_148.0,0.6615847565261209,2015-01-01,,
3909.0_278.0,0.6617257154270817,2015-01-01,,
4064.0_163.0,0.6628081251293745,2015-01-01,,
3969.0_168.0,0.6629078701424632,2015-01-01,,
3924.0_283.0,0.654613785485546,2015-01-01,,
3944.0_143.0,0.6639065345544862,2015-01-01,,
3984.0_243.0,0.6545054065432456,2015-01-01,,
3914.0_283.0,0.6543140104096189,2015-01-01,,
3929.0_258.0,0.6519349934308281,2015-01-01,,
4034.0_278.0,0.6520512336158135,2015-01-01,,
3999.0_173.0,0.6520966544527709,2015-01-01,,
4029.0_138.0,0.652227168326394,2015-01-01,,
4064.0_93.0,0.6523665278193028,2015-01-01,,
3984.0_203.0,0.652603459868482,2015-01-01,,
4029.0_113.0,0.652785090785193,2015-01-01,,
3969.0_108.0,0.6528206680972167,2015-01-01,,
3959.0_238.0,0.6528436811359316,2015-01-01,,
4044.0_68.0,0.6528726426168271,2015-01-01,,
3964.0_113.0,0.6528805670941608,2015-01-01,,
4089.0_163.0,0.6530763188668316,2015-01-01,,
3999.0_138.0,0.6531267482741984,2015-01-01,,
4019.0_293.0,0.653197275598911,2015-01-01,,
3924.0_273.0,0.6534190098973562,2015-01-01,,
3919.0_283.0,0.6535557131551737,2015-01-01,,
4009.0_188.0,0.6536735197561564,2015-01-01,,
4089.0_118.0,0.6537220519817034,2015-01-01,,
4004.0_153.0,0.6537552517291844,2015-01-01,,
4009.0_128.0,0.6539376425736427,2015-01-01,,
3949.0_248.0,0.6540320435727309,2015-01-01,,
4059.0_148.0,0.6541101544319027,2015-01-01,,
4009.0_278.0,0.6541673909042106,2015-01-01,,
3954.0_223.0,0.6542550103269549,2015-01-01,,
4004.0_283.0,0.6542822581073705,2015-01-01,,
3954.0_213.0,0.6544983527589413,2015-01-01,,
3919.0_248.0,0.7005455841075031,2015-01-01,,
3979.0_143.0,0.6647313873813754,2015-01-01,,
3959.0_158.0,0.6671576652777779,2015-01-01,,
4089.0_218.0,0.6957514066413397,2015-01-01,,
4014.0_93.0,0.6962209916628926,2015-01-01,,
4039.0_248.0,0.6964697417866683,2015-01-01,,
4004.0_108.0,0.6965625410089595,2015-01-01,,
4084.0_53.0,0.6966719460309084,2015-01-01,,
4024.0_163.0,0.6970416255659412,2015-01-01,,
4024.0_83.0,0.6971694535961762,2015-01-01,,
4039.0_38.0,0.6976486529069781,2015-01-01,,
4084.0_43.0,0.6981781642865688,2015-01-01,,
4009.0_223.0,0.6982752547567802,2015-01-01,,
4049.0_43.0,0.6983979490389028,2015-01-01,,
4039.0_88.0,0.6984671685568609,2015-01-01,,
4069.0_213.0,0.6988101596241981,2015-01-01,,
4049.0_33.0,0.6989128204275538,2015-01-01,,
4014.0_228.0,0.6991373060236127,2015-01-01,,
4054.0_73.0,0.6991578547916085,2015-01-01,,
4044.0_33.0,0.6995919203369404,2015-01-01,,
4044.0_88.0,0.699748653864713,2015-01-01,,
4094.0_213.0,0.6998421965753812,2015-01-01,,
3989.0_98.0,0.6998718793357248,2015-01-01,,
4039.0_28.0,0.6998956515194866,2015-01-01,,
4079.0_38.0,0.6999668188481135,2015-01-01,,
4029.0_93.0,0.7000493013568669,2015-01-01,,
3999.0_168.0,0.7000909286916169,2015-01-01,,
4024.0_93.0,0.7001727302510797,2015-01-01,,
3969.0_338.0,0.6955911029385736,2015-01-01,,
3934.0_168.0,0.6647957797937261,2015-01-01,,
4034.0_58.0,0.6954484098992411,2015-01-01,,
3994.0_93.0,0.6952589458167912,2015-01-01,,
4004.0_128.0,0.6691879911787426,2015-01-01,,
3954.0_153.0,0.6699787567911746,2015-01-01,,
3979.0_358.0,0.6750418735985265,2015-01-01,,
3979.0_353.0,0.6766369777825404,2015-01-01,,
4054.0_88.0,0.6807075803104717,2015-01-01,,
4039.0_53.0,0.6821239742142567,2015-01-01,,
4039.0_43.0,0.6827024849513901,2015-01-01,,
4049.0_78.0,0.6846307340511367,2015-01-01,,
4044.0_48.0,0.6855909142320529,2015-01-01,,
4034.0_43.0,0.686709164254848,2015-01-01,,
3959.0_348.0,0.6868058249711188,2015-01-01,,
4074.0_103.0,0.6870772155780398,2015-01-01,,
4034.0_83.0,0.6898022745617668,2015-01-01,,
4094.0_108.0,0.6899328796808145,2015-01-01,,
4034.0_63.0,0.6918771613460921,2015-01-01,,
3979.0_363.0,0.6923863861290024,2015-01-01,,
4044.0_43.0,0.6926429358983336,2015-01-01,,
4049.0_58.0,0.6930001258033058,2015-01-01,,
4029.0_43.0,0.6934550645314463,2015-01-01,,
4009.0_98.0,0.6935889889185437,2015-01-01,,
4019.0_258.0,0.6939926517418933,2015-01-01,,
4079.0_218.0,0.6943636284573577,2015-01-01,,
4079.0_103.0,0.6943887535490169,2015-01-01,,
4069.0_103.0,0.694761922671657,2015-01-01,,
3999.0_108.0,0.6952108421278007,2015-01-01,,
4074.0_73.0,0.6953213169387517,2015-01-01,,
3904.0_258.0,0.651925301514628,2015-01-01,,
3994.0_103.0,0.709495956027261,2015-01-01,,
3909.0_253.0,0.7095499421147549,2015-01-01,,
3979.0_168.0,0.7189185914193809,2015-01-01,,
3949.0_118.0,0.7189237927720741,2015-01-01,,
4034.0_68.0,0.7189544406052926,2015-01-01,,
4089.0_63.0,0.7190356318402154,2015-01-01,,
4074.0_33.0,0.7190885119699495,2015-01-01,,
3974.0_148.0,0.7191056931676251,2015-01-01,,
3989.0_133.0,0.7191995823832114,2015-01-01,,
3944.0_118.0,0.7192595685300079,2015-01-01,,
3954.0_93.0,0.7194098068693067,2015-01-01,,
3924.0_238.0,0.7195065403417099,2015-01-01,,
3979.0_118.0,0.7195460488495027,2015-01-01,,
3919.0_268.0,0.719580775216684,2015-01-01,,
3944.0_188.0,0.7197465362986789,2015-01-01,,
4039.0_283.0,0.7198195811802881,2015-01-01,,
4049.0_278.0,0.7199120486595639,2015-01-01,,
4014.0_263.0,0.719983113109403,2015-01-01,,
3954.0_203.0,0.7200017319225659,2015-01-01,,
4014.0_253.0,0.7202229618007037,2015-01-01,,
3949.0_123.0,0.7202334215697552,2015-01-01,,
4029.0_28.0,0.7202795175290498,2015-01-01,,
3944.0_113.0,0.720310101663875,2015-01-01,,
4034.0_73.0,0.7203380539795361,2015-01-01,,
3934.0_143.0,0.7204997448466004,2015-01-01,,
4044.0_258.0,0.7205845854949043,2015-01-01,,
3994.0_83.0,0.7207067348797661,2015-01-01,,
4079.0_58.0,0.7188853624490544,2015-01-01,,
4019.0_278.0,0.7207315355694517,2015-01-01,,
3974.0_263.0,0.718549743096528,2015-01-01,,
3979.0_163.0,0.7184017851570992,2015-01-01,,
4099.0_68.0,0.717101289822332,2015-01-01,,
3959.0_88.0,0.7171565707246204,2015-01-01,,
4084.0_83.0,0.717161363890933,2015-01-01,,
4049.0_123.0,0.7171789461190792,2015-01-01,,
4009.0_288.0,0.7173447972796938,2015-01-01,,
3954.0_98.0,0.7175594646187654,2015-01-01,,
3994.0_78.0,0.7175653886989585,2015-01-01,,
3984.0_198.0,0.7175883156123978,2015-01-01,,
3934.0_283.0,0.7176390013006572,2015-01-01,,
3964.0_188.0,0.7176546319878151,2015-01-01,,
4039.0_138.0,0.7176948722736939,2015-01-01,,
4039.0_68.0,0.7176962831881858,2015-01-01,,
4069.0_83.0,0.7177578764666726,2015-01-01,,
4009.0_68.0,0.7178152111467213,2015-01-01,,
4079.0_68.0,0.7178554170605075,2015-01-01,,
3919.0_218.0,0.7178886393572247,2015-01-01,,
3974.0_93.0,0.7179721980575123,2015-01-01,,
3949.0_243.0,0.7179976713759735,2015-01-01,,
3994.0_138.0,0.718123909030313,2015-01-01,,
3929.0_178.0,0.7181975916332249,2015-01-01,,
3989.0_138.0,0.7181984035707119,2015-01-01,,
3939.0_118.0,0.718363654776534,2015-01-01,,
4099.0_93.0,0.7183815514767881,2015-01-01,,
3959.0_83.0,0.7183975066455499,2015-01-01,,
3949.0_113.0,0.7184004574261532,2015-01-01,,
3969.0_88.0,0.7185147679951599,2015-01-01,,
3939.0_198.0,0.7170545031731346,2015-01-01,,
3944.0_108.0,0.7210244060559375,2015-01-01,,
3959.0_108.0,0.7212644785804084,2015-01-01,,
3949.0_108.0,0.7243542123182956,2015-01-01,,
4069.0_33.0,0.7244259708254672,2015-01-01,,
3999.0_268.0,0.7244417527667668,2015-01-01,,
3959.0_198.0,0.7246497406546893,2015-01-01,,
4049.0_183.0,0.7247778288633537,2015-01-01,,
3959.0_103.0,0.7248151801050322,2015-01-01,,
3934.0_268.0,0.7250083514856406,2015-01-01,,
4044.0_78.0,0.7251258099301311,2015-01-01,,
3959.0_163.0,0.7254324188338211,2015-01-01,,
3964.0_153.0,0.7267012927642784,2015-01-01,,
4094.0_78.0,0.7267396748246822,2015-01-01,,
3944.0_158.0,0.727320071112472,2015-01-01,,
3954.0_148.0,0.7274283066880013,2015-01-01,,
3964.0_68.0,0.7274936905864848,2015-01-01,,
3949.0_103.0,0.727818027641435,2015-01-01,,
3964.0_143.0,0.7279526334040793,2015-01-01,,
3954.0_158.0,0.7297082574079654,2015-01-01,,
3939.0_293.0,0.7301079438363449,2015-01-01,,
4089.0_83.0,0.7307287672553633,2015-01-01,,
4049.0_103.0,0.7307638928561366,2015-01-01,,
4024.0_28.0,0.731248664042612,2015-01-01,,
4069.0_48.0,0.7326299770075317,2015-01-01,,
4084.0_123.0,0.7334137450216176,2015-01-01,,
4054.0_153.0,0.7372795706947783,2015-01-01,,
4089.0_203.0,0.7401389473236677,2015-01-01,,
3934.0_133.0,0.724343344192904,2015-01-01,,
3939.0_123.0,0.7210896001517094,2015-01-01,,
3934.0_138.0,0.7236577081777068,2015-01-01,,
3929.0_148.0,0.7236026240712439,2015-01-01,,
4054.0_43.0,0.7212758622005823,2015-01-01,,
3914.0_218.0,0.7212846660160436,2015-01-01,,
4069.0_63.0,0.7216506763332093,2015-01-01,,
3949.0_163.0,0.7216848708723886,2015-01-01,,
3964.0_163.0,0.7217191471165388,2015-01-01,,
4064.0_33.0,0.721757490661794,2015-01-01,,
3974.0_88.0,0.7218487072470047,2015-01-01,,
3959.0_98.0,0.7219042017655145,2015-01-01,,
3929.0_218.0,0.7220072453746249,2015-01-01,,
3954.0_103.0,0.7221065591060316,2015-01-01,,
3954.0_128.0,0.7221416377913592,2015-01-01,,
3964.0_98.0,0.7221837857543221,2015-01-01,,
3959.0_208.0,0.7222607529101159,2015-01-01,,
3939.0_128.0,0.7225205886852862,2015-01-01,,
3939.0_168.0,0.7226189965077765,2015-01-01,,
3954.0_108.0,0.7226289065988613,2015-01-01,,
3964.0_193.0,0.722709211733128,2015-01-01,,
3974.0_53.0,0.7227132050772967,2015-01-01,,
3959.0_138.0,0.722788960012474,2015-01-01,,
3969.0_83.0,0.7228160425177594,2015-01-01,,
3934.0_223.0,0.7228169843641179,2015-01-01,,
3969.0_93.0,0.7231158227966028,2015-01-01,,
3959.0_248.0,0.7231571284271817,2015-01-01,,
3959.0_78.0,0.7233000741461226,2015-01-01,,
3994.0_198.0,0.7234076825270006,2015-01-01,,
3924.0_173.0,0.7236143457864501,2015-01-01,,
4069.0_43.0,0.7095237218471262,2015-01-01,,
3914.0_268.0,0.7170029225526748,2015-01-01,,
3944.0_183.0,0.716898816485041,2015-01-01,,
3984.0_153.0,0.7116078785398159,2015-01-01,,
4059.0_28.0,0.7116145496258426,2015-01-01,,
3989.0_123.0,0.7119319004657947,2015-01-01,,
3984.0_78.0,0.7119613042769762,2015-01-01,,
4039.0_103.0,0.712029710299047,2015-01-01,,
4029.0_123.0,0.7120420251991207,2015-01-01,,
4004.0_178.0,0.7120708203267567,2015-01-01,,
4034.0_233.0,0.712183361859675,2015-01-01,,
3949.0_183.0,0.7123122750443498,2015-01-01,,
3969.0_73.0,0.7123495638534464,2015-01-01,,
4054.0_58.0,0.7124216055116116,2015-01-01,,
4094.0_63.0,0.7124724696888576,2015-01-01,,
3969.0_103.0,0.7126653528090642,2015-01-01,,
4099.0_73.0,0.7127710248126198,2015-01-01,,
3979.0_88.0,0.7127761322031535,2015-01-01,,
4019.0_68.0,0.712809401645417,2015-01-01,,
4079.0_178.0,0.7130395028383458,2015-01-01,,
4019.0_83.0,0.7130776445661908,2015-01-01,,
4004.0_63.0,0.7131001854511002,2015-01-01,,
4089.0_53.0,0.7131156093783062,2015-01-01,,
3964.0_223.0,0.7131550013015205,2015-01-01,,
4034.0_118.0,0.7131611832845836,2015-01-01,,
4004.0_293.0,0.7133402873415051,2015-01-01,,
3989.0_118.0,0.7134022731457544,2015-01-01,,
4064.0_53.0,0.713449845194416,2015-01-01,,
4054.0_263.0,0.7115725045809749,2015-01-01,,
4049.0_83.0,0.71346411479285,2015-01-01,,
3924.0_253.0,0.7114183010847035,2015-01-01,,
4054.0_258.0,0.7113991142261994,2015-01-01,,
4019.0_108.0,0.7095949651751451,2015-01-01,,
4079.0_53.0,0.7097141122476031,2015-01-01,,
4069.0_38.0,0.7097307468086734,2015-01-01,,
4084.0_38.0,0.7098062596751405,2015-01-01,,
4004.0_93.0,0.7098982404206049,2015-01-01,,
4004.0_168.0,0.709953167468346,2015-01-01,,
4084.0_68.0,0.7099550560185537,2015-01-01,,
4059.0_158.0,0.7100798193090953,2015-01-01,,
4094.0_53.0,0.7101781699285734,2015-01-01,,
4019.0_33.0,0.710199354055959,2015-01-01,,
4014.0_118.0,0.7102696986997311,2015-01-01,,
4009.0_178.0,0.7103356927151975,2015-01-01,,
4079.0_118.0,0.7103863726557976,2015-01-01,,
3994.0_68.0,0.7103968410379994,2015-01-01,,
3974.0_83.0,0.7104619106693403,2015-01-01,,
3989.0_268.0,0.710662868174667,2015-01-01,,
4054.0_28.0,0.7106819382736579,2015-01-01,,
3979.0_73.0,0.7107869373054683,2015-01-01,,
4019.0_103.0,0.7107986321886454,2015-01-01,,
3984.0_88.0,0.710920492868239,2015-01-01,,
3989.0_83.0,0.7111408977616908,2015-01-01,,
4069.0_58.0,0.7111689433571925,2015-01-01,,
3979.0_83.0,0.7112269414103495,2015-01-01,,
4089.0_88.0,0.711292598264587,2015-01-01,,
4084.0_78.0,0.7113215828408641,2015-01-01,,
3989.0_148.0,0.7114053035717427,2015-01-01,,
4024.0_98.0,0.7169261157879763,2015-01-01,,
4004.0_48.0,0.7136632372136069,2015-01-01,,
3964.0_83.0,0.713707534289322,2015-01-01,,
3914.0_263.0,0.7151957090284085,2015-01-01,,
3994.0_218.0,0.7152204569008072,2015-01-01,,
4029.0_118.0,0.7152484282051035,2015-01-01,,
4034.0_78.0,0.7152811650876028,2015-01-01,,
4014.0_223.0,0.7152863255374802,2015-01-01,,
4039.0_133.0,0.71533105520195,2015-01-01,,
3974.0_73.0,0.7154797903426058,2015-01-01,,
3929.0_183.0,0.7156182537961351,2015-01-01,,
4009.0_298.0,0.7156524248718371,2015-01-01,,
4004.0_133.0,0.7156754389123817,2015-01-01,,
3994.0_153.0,0.7156797625547476,2015-01-01,,
3964.0_88.0,0.7156945065584126,2015-01-01,,
3934.0_188.0,0.7157166282434076,2015-01-01,,
3954.0_123.0,0.7159020669410874,2015-01-01,,
4099.0_78.0,0.7160244697279822,2015-01-01,,
4059.0_78.0,0.7160821380499416,2015-01-01,,
4099.0_123.0,0.7161242592361121,2015-01-01,,
4029.0_78.0,0.7163719934812414,2015-01-01,,
3959.0_123.0,0.7163793104338764,2015-01-01,,
3974.0_78.0,0.7163950739917737,2015-01-01,,
3974.0_163.0,0.7164430603222252,2015-01-01,,
4089.0_68.0,0.7166153720027573,2015-01-01,,
3964.0_213.0,0.7166316284910976,2015-01-01,,
3954.0_178.0,0.7167244280972593,2015-01-01,,
3959.0_113.0,0.7167314731967129,2015-01-01,,
4094.0_68.0,0.71518190672367,2015-01-01,,
3999.0_208.0,0.7136738065414102,2015-01-01,,
4079.0_108.0,0.715156791631723,2015-01-01,,
4049.0_128.0,0.7150955298646839,2015-01-01,,
4069.0_53.0,0.7137089861526158,2015-01-01,,
3984.0_83.0,0.7137188497615563,2015-01-01,,
4054.0_33.0,0.7138592327674222,2015-01-01,,
3914.0_248.0,0.7138650165976228,2015-01-01,,
3964.0_108.0,0.7138944281161391,2015-01-01,,
4014.0_108.0,0.7139130780212994,2015-01-01,,
4094.0_123.0,0.7139162250522652,2015-01-01,,
4074.0_128.0,0.7139460484570418,2015-01-01,,
4059.0_98.0,0.7139539884074662,2015-01-01,,
4089.0_78.0,0.7140155642563837,2015-01-01,,
3944.0_193.0,0.7140520176346735,2015-01-01,,
4049.0_148.0,0.7141097364716443,2015-01-01,,
4034.0_108.0,0.7141620127382594,2015-01-01,,
4089.0_58.0,0.7143087454212889,2015-01-01,,
3949.0_98.0,0.7143438362970345,2015-01-01,,
3924.0_258.0,0.7144422949288938,2015-01-01,,
4094.0_118.0,0.7145138351133401,2015-01-01,,
3949.0_193.0,0.7146157231857055,2015-01-01,,
3999.0_218.0,0.7146297346722347,2015-01-01,,
3964.0_218.0,0.7146839982434136,2015-01-01,,
4024.0_138.0,0.7148166669368636,2015-01-01,,
4054.0_198.0,0.7148376290834497,2015-01-01,,
3999.0_73.0,0.7150056801024954,2015-01-01,,
3989.0_48.0,0.7150703601257848,2015-01-01,,
4084.0_168.0,0.7150717970126432,2015-01-01,,
4094.0_83.0,0.7151512951960441,2015-01-01,,
3934.0_343.0,0.2502881399162699,2015-01-01,,
4019.0_198.0,0.6518632508782982,2015-01-01,,
4064.0_203.0,0.6512548219041591,2015-01-01,,
4014.0_38.0,0.613997483019752,2015-01-01,,
3999.0_213.0,0.614809353355771,2015-01-01,,
4094.0_93.0,0.6148683377659325,2015-01-01,,
4014.0_48.0,0.6155491416203691,2015-01-01,,
4034.0_28.0,0.6162445470440299,2015-01-01,,
3954.0_113.0,0.6163561282949789,2015-01-01,,
4029.0_63.0,0.6167720157544125,2015-01-01,,
4039.0_263.0,0.6167863011557255,2015-01-01,,
4094.0_113.0,0.6172415721289835,2015-01-01,,
4009.0_73.0,0.6173694711803775,2015-01-01,,
4084.0_108.0,0.6173940612711577,2015-01-01,,
4024.0_168.0,0.6176410909396627,2015-01-01,,
4039.0_58.0,0.6179962501000497,2015-01-01,,
4094.0_103.0,0.6180456262786898,2015-01-01,,
4019.0_63.0,0.6181907902422452,2015-01-01,,
4049.0_38.0,0.6182731063874527,2015-01-01,,
4049.0_243.0,0.6184235917345389,2015-01-01,,
4014.0_98.0,0.6190227905497613,2015-01-01,,
4009.0_108.0,0.6192190426223958,2015-01-01,,
4084.0_148.0,0.6194893631890109,2015-01-01,,
4074.0_108.0,0.6197694077152155,2015-01-01,,
4064.0_133.0,0.6200061587686355,2015-01-01,,
4049.0_63.0,0.6201083227301732,2015-01-01,,
4084.0_93.0,0.6203494817467049,2015-01-01,,
4004.0_103.0,0.6203695064387934,2015-01-01,,
4044.0_38.0,0.6132076078367527,2015-01-01,,
4044.0_83.0,0.6204036915965612,2015-01-01,,
4074.0_98.0,0.6130544040531712,2015-01-01,,
4099.0_183.0,0.6102384070056347,2015-01-01,,
3974.0_183.0,0.5775732759181815,2015-01-01,,
3969.0_133.0,0.578129720057836,2015-01-01,,
3984.0_128.0,0.5783366930677446,2015-01-01,,
3904.0_198.0,0.5789047652046603,2015-01-01,,
3944.0_168.0,0.5791145578487682,2015-01-01,,
3994.0_128.0,0.5812603480142208,2015-01-01,,
3939.0_148.0,0.5816996810924036,2015-01-01,,
4024.0_128.0,0.5819868017391184,2015-01-01,,
3974.0_128.0,0.5829332871060842,2015-01-01,,
3979.0_123.0,0.5843759566934691,2015-01-01,,
3949.0_143.0,0.5851156795331436,2015-01-01,,
3949.0_343.0,0.5857591775599591,2015-01-01,,
3999.0_233.0,0.5886142917105458,2015-01-01,,
3979.0_348.0,0.5911880344832898,2015-01-01,,
4029.0_23.0,0.5945580108172197,2015-01-01,,
4029.0_88.0,0.5959632558298933,2015-01-01,,
3964.0_148.0,0.5962521899474754,2015-01-01,,
4054.0_93.0,0.6062823814479393,2015-01-01,,
4019.0_263.0,0.6065405200046848,2015-01-01,,
4079.0_98.0,0.6081686058840117,2015-01-01,,
3974.0_353.0,0.6081896325743494,2015-01-01,,
4069.0_173.0,0.6083081747425534,2015-01-01,,
4034.0_88.0,0.6085744573337161,2015-01-01,,
4039.0_83.0,0.6092363288650094,2015-01-01,,
4044.0_53.0,0.6100639037718749,2015-01-01,,
4019.0_123.0,0.6115563534028613,2015-01-01,,
3904.0_218.0,0.577544342497326,2015-01-01,,
3989.0_208.0,0.6205660717063857,2015-01-01,,
4089.0_108.0,0.6207190287728462,2015-01-01,,
3989.0_233.0,0.6244998691090708,2015-01-01,,
4014.0_78.0,0.6247561787322349,2015-01-01,,
4094.0_128.0,0.6248038668087176,2015-01-01,,
4069.0_98.0,0.6248373545597102,2015-01-01,,
4059.0_93.0,0.6249938448109995,2015-01-01,,
3979.0_103.0,0.6252409432946489,2015-01-01,,
3989.0_218.0,0.6255284159183063,2015-01-01,,
4019.0_163.0,0.6257142309333877,2015-01-01,,
4084.0_213.0,0.6263076702341475,2015-01-01,,
4059.0_108.0,0.6263720645344287,2015-01-01,,
4004.0_43.0,0.62639861669117,2015-01-01,,
4004.0_228.0,0.6264142293791585,2015-01-01,,
4084.0_188.0,0.6264615737767809,2015-01-01,,
4054.0_188.0,0.6265316774549003,2015-01-01,,
4014.0_258.0,0.6265635701874505,2015-01-01,,
4069.0_133.0,0.6269874640665452,2015-01-01,,
3904.0_253.0,0.6271088684568065,2015-01-01,,
3999.0_183.0,0.6271639347503328,2015-01-01,,
4004.0_188.0,0.6272470616832052,2015-01-01,,
4044.0_283.0,0.6272830547187797,2015-01-01,,
3989.0_63.0,0.6273889871355295,2015-01-01,,
4074.0_43.0,0.6274697274652709,2015-01-01,,
4079.0_138.0,0.6274769518038682,2015-01-01,,
4099.0_198.0,0.627587051196145,2015-01-01,,
3999.0_253.0,0.6275906915195303,2015-01-01,,
4014.0_163.0,0.6243382464420909,2015-01-01,,
4014.0_58.0,0.6205672623914655,2015-01-01,,
4034.0_93.0,0.6242417668846513,2015-01-01,,
4034.0_48.0,0.6240998417062303,2015-01-01,,
3969.0_223.0,0.6207727752224629,2015-01-01,,
4079.0_208.0,0.6209888965844543,2015-01-01,,
4029.0_233.0,0.6210549814520097,2015-01-01,,
4034.0_23.0,0.6211133180076849,2015-01-01,,
3974.0_108.0,0.6212498267128349,2015-01-01,,
4009.0_93.0,0.6213883384524562,2015-01-01,,
4004.0_158.0,0.6215363092246425,2015-01-01,,
3984.0_213.0,0.6219200556992525,2015-01-01,,
3979.0_98.0,0.6219797209953092,2015-01-01,,
3994.0_168.0,0.6220392111958097,2015-01-01,,
4089.0_103.0,0.6221722859477317,2015-01-01,,
4044.0_263.0,0.622586559111916,2015-01-01,,
4049.0_268.0,0.6226458129644946,2015-01-01,,
3999.0_113.0,0.6227755636789797,2015-01-01,,
4089.0_183.0,0.6228565153486493,2015-01-01,,
4064.0_78.0,0.6230138576113841,2015-01-01,,
4014.0_53.0,0.6232071618678175,2015-01-01,,
4014.0_43.0,0.623263340642665,2015-01-01,,
4049.0_48.0,0.623271674201647,2015-01-01,,
4079.0_223.0,0.6234609289385559,2015-01-01,,
4009.0_293.0,0.6235161068746067,2015-01-01,,
4064.0_48.0,0.6235646412676887,2015-01-01,,
4049.0_198.0,0.6236633656335233,2015-01-01,,
4074.0_213.0,0.6237373873376311,2015-01-01,,
4084.0_128.0,0.623940113428227,2015-01-01,,
4019.0_43.0,0.6241032430914286,2015-01-01,,
4049.0_273.0,0.6276632152730235,2015-01-01,,
3964.0_183.0,0.5768008467629802,2015-01-01,,
3959.0_118.0,0.5751832043009807,2015-01-01,,
4089.0_173.0,0.5609688157928531,2015-01-01,,
3979.0_58.0,0.5610624260653742,2015-01-01,,
4084.0_113.0,0.5612682043476649,2015-01-01,,
4044.0_153.0,0.5614983018899271,2015-01-01,,
3974.0_208.0,0.5615740855347391,2015-01-01,,
4074.0_218.0,0.5617049391712045,2015-01-01,,
4019.0_188.0,0.5618039128735395,2015-01-01,,
4069.0_148.0,0.5618711419622574,2015-01-01,,
4034.0_138.0,0.5619480328752571,2015-01-01,,
4049.0_158.0,0.5619621444132481,2015-01-01,,
4009.0_153.0,0.5619700493975437,2015-01-01,,
4009.0_213.0,0.5619948636074655,2015-01-01,,
3969.0_118.0,0.562017111354683,2015-01-01,,
4009.0_138.0,0.5621272138462939,2015-01-01,,
4099.0_108.0,0.5622515408071446,2015-01-01,,
4089.0_158.0,0.5622535371353298,2015-01-01,,
4074.0_193.0,0.5622836488697923,2015-01-01,,
3929.0_243.0,0.5622952531877594,2015-01-01,,
4069.0_128.0,0.562560117685152,2015-01-01,,
4099.0_168.0,0.5625922865149254,2015-01-01,,
3954.0_243.0,0.5626494460337836,2015-01-01,,
4024.0_108.0,0.5627119161057155,2015-01-01,,
4079.0_93.0,0.5628253120579764,2015-01-01,,
4014.0_148.0,0.5629096602669825,2015-01-01,,
4059.0_38.0,0.5630559683532129,2015-01-01,,
4024.0_223.0,0.5607484668551949,2015-01-01,,
4059.0_138.0,0.5632763914342179,2015-01-01,,
3974.0_98.0,0.5604425662924273,2015-01-01,,
4079.0_213.0,0.5599815993778426,2015-01-01,,
4034.0_193.0,0.5565685567859557,2015-01-01,,
4024.0_178.0,0.5567893894256106,2015-01-01,,
4014.0_138.0,0.5569273968358647,2015-01-01,,
4009.0_113.0,0.557051709583159,2015-01-01,,
4094.0_168.0,0.5570928249425335,2015-01-01,,
4079.0_198.0,0.5572602765416922,2015-01-01,,
4019.0_78.0,0.5573028447489442,2015-01-01,,
4049.0_163.0,0.5575027404231173,2015-01-01,,
4079.0_148.0,0.5576952979293627,2015-01-01,,
4024.0_173.0,0.5578810760704146,2015-01-01,,
4094.0_158.0,0.5581531176961894,2015-01-01,,
3994.0_203.0,0.5582604348584361,2015-01-01,,
3974.0_138.0,0.5583215280906864,2015-01-01,,
4069.0_218.0,0.558334382075418,2015-01-01,,
4019.0_223.0,0.5585516128196457,2015-01-01,,
4084.0_158.0,0.5585542994413834,2015-01-01,,
3989.0_103.0,0.5586921495018043,2015-01-01,,
4024.0_88.0,0.5588875467060969,2015-01-01,,
4014.0_218.0,0.5590150683893035,2015-01-01,,
4044.0_143.0,0.5590677380590516,2015-01-01,,
3979.0_153.0,0.5591393510497336,2015-01-01,,
3974.0_198.0,0.5595618111743863,2015-01-01,,
4014.0_188.0,0.5596360930434815,2015-01-01,,
3984.0_223.0,0.5597911807924781,2015-01-01,,
3999.0_248.0,0.5598239459426243,2015-01-01,,
4044.0_198.0,0.5603833790568753,2015-01-01,,
4034.0_33.0,0.5759736841407259,2015-01-01,,
4079.0_188.0,0.5638527868733028,2015-01-01,,
3984.0_93.0,0.5641897991732842,2015-01-01,,
4034.0_143.0,0.569046246539867,2015-01-01,,
3959.0_223.0,0.5694301440979376,2015-01-01,,
3979.0_178.0,0.5696078317112704,2015-01-01,,
4049.0_118.0,0.5697622422757682,2015-01-01,,
4054.0_233.0,0.5697985567355239,2015-01-01,,
4034.0_153.0,0.5703292844581473,2015-01-01,,
3974.0_188.0,0.570375598519359,2015-01-01,,
3979.0_158.0,0.570525599016009,2015-01-01,,
4004.0_148.0,0.5707875729229707,2015-01-01,,
3894.0_238.0,0.5710837606862782,2015-01-01,,
3894.0_253.0,0.5712816895148153,2015-01-01,,
4049.0_143.0,0.5713498622013098,2015-01-01,,
3969.0_178.0,0.5713516298040453,2015-01-01,,
4074.0_153.0,0.5714122947114125,2015-01-01,,
4029.0_143.0,0.5714978085866704,2015-01-01,,
3974.0_363.0,0.572190416357701,2015-01-01,,
3969.0_208.0,0.5731160401863643,2015-01-01,,
3974.0_133.0,0.5733834821664859,2015-01-01,,
3964.0_198.0,0.5741307665411227,2015-01-01,,
3939.0_213.0,0.574308411929297,2015-01-01,,
3954.0_118.0,0.574432610588265,2015-01-01,,
3939.0_133.0,0.5745523610466017,2015-01-01,,
3939.0_178.0,0.5747039231400356,2015-01-01,,
3939.0_193.0,0.5748292356855531,2015-01-01,,
3929.0_173.0,0.5748930085369907,2015-01-01,,
4069.0_138.0,0.5689876074405996,2015-01-01,,
4039.0_198.0,0.5639720259110191,2015-01-01,,
3934.0_233.0,0.5689089862885894,2015-01-01,,
4059.0_118.0,0.5684415652284406,2015-01-01,,
4049.0_113.0,0.5645233617338649,2015-01-01,,
4069.0_158.0,0.5645311527266451,2015-01-01,,
4009.0_173.0,0.564763655892241,2015-01-01,,
4079.0_43.0,0.5648995198586995,2015-01-01,,
4059.0_208.0,0.565376685931519,2015-01-01,,
3974.0_193.0,0.5654046089659226,2015-01-01,,
3964.0_118.0,0.5654331560583246,2015-01-01,,
3919.0_273.0,0.5656568954127953,2015-01-01,,
3994.0_148.0,0.5656693716500287,2015-01-01,,
4039.0_153.0,0.5659160705239759,2015-01-01,,
4019.0_148.0,0.566110662527754,2015-01-01,,
3954.0_238.0,0.5662681171957736,2015-01-01,,
4044.0_108.0,0.5663154270924455,2015-01-01,,
3999.0_53.0,0.5664431778592779,2015-01-01,,
4064.0_23.0,0.5665640246794085,2015-01-01,,
4059.0_203.0,0.5665829533190369,2015-01-01,,
4024.0_143.0,0.5666067464196559,2015-01-01,,
4054.0_158.0,0.5669315274661585,2015-01-01,,
4044.0_28.0,0.566974466383353,2015-01-01,,
4019.0_113.0,0.5670097183922673,2015-01-01,,
4029.0_163.0,0.5671707892029826,2015-01-01,,
4099.0_113.0,0.5674935938870642,2015-01-01,,
4024.0_148.0,0.5676796749980092,2015-01-01,,
3934.0_243.0,0.5678412145870646,2015-01-01,,
3994.0_158.0,0.5681073871448673,2015-01-01,,
4064.0_173.0,0.5688363860765234,2015-01-01,,
3924.0_248.0,0.6516825984827552,2015-01-01,,
3994.0_98.0,0.627729251283875,2015-01-01,,
3909.0_263.0,0.6278619162739156,2015-01-01,,
3989.0_203.0,0.64192049926137,2015-01-01,,
4029.0_173.0,0.6420209206380298,2015-01-01,,
4064.0_193.0,0.6420642667124672,2015-01-01,,
4064.0_83.0,0.6420964824371032,2015-01-01,,
3924.0_183.0,0.6421276617218719,2015-01-01,,
4004.0_123.0,0.6422177641658596,2015-01-01,,
4094.0_173.0,0.6422701372390812,2015-01-01,,
4084.0_118.0,0.6427119420891231,2015-01-01,,
4014.0_208.0,0.6427392555462542,2015-01-01,,
4059.0_123.0,0.6429392396129012,2015-01-01,,
3909.0_193.0,0.6430527516093218,2015-01-01,,
4024.0_78.0,0.6431358946184157,2015-01-01,,
4029.0_253.0,0.6434768040118514,2015-01-01,,
3989.0_323.0,0.6435032770044594,2015-01-01,,
4004.0_183.0,0.6436214148002124,2015-01-01,,
3999.0_258.0,0.6436305952968621,2015-01-01,,
3939.0_138.0,0.6437381757052608,2015-01-01,,
3974.0_243.0,0.6438421511031694,2015-01-01,,
4024.0_253.0,0.6438920362638644,2015-01-01,,
4049.0_68.0,0.644062755419405,2015-01-01,,
3944.0_203.0,0.6442131716635965,2015-01-01,,
3989.0_213.0,0.644248543550995,2015-01-01,,
3969.0_213.0,0.6443478802797082,2015-01-01,,
4044.0_188.0,0.6444858588502613,2015-01-01,,
4089.0_133.0,0.6446480626498363,2015-01-01,,
4074.0_133.0,0.6418755239682503,2015-01-01,,
3984.0_143.0,0.6446543509514404,2015-01-01,,
4039.0_218.0,0.6417800233326628,2015-01-01,,
4054.0_138.0,0.6415307456664534,2015-01-01,,
4049.0_138.0,0.6392897250413098,2015-01-01,,
4054.0_178.0,0.639310417958101,2015-01-01,,
4019.0_98.0,0.6393771684769121,2015-01-01,,
4074.0_118.0,0.6393829635293746,2015-01-01,,
4079.0_143.0,0.6396708476929727,2015-01-01,,
4064.0_198.0,0.6396984523404339,2015-01-01,,
4039.0_118.0,0.6398069003640742,2015-01-01,,
3914.0_228.0,0.6398587370571505,2015-01-01,,
3984.0_268.0,0.6399127990058988,2015-01-01,,
3924.0_203.0,0.6401047416989936,2015-01-01,,
4079.0_83.0,0.6401099028983451,2015-01-01,,
4029.0_178.0,0.6402161097904263,2015-01-01,,
3984.0_133.0,0.6403579185963741,2015-01-01,,
4084.0_73.0,0.6404422591179225,2015-01-01,,
3994.0_238.0,0.6405251162755937,2015-01-01,,
3924.0_208.0,0.6405622766325395,2015-01-01,,
4039.0_173.0,0.6407311109192861,2015-01-01,,
4079.0_163.0,0.6408445793054388,2015-01-01,,
4039.0_23.0,0.6409608586462706,2015-01-01,,
3954.0_218.0,0.641212344617605,2015-01-01,,
4099.0_88.0,0.6412525281704188,2015-01-01,,
3924.0_198.0,0.641285480531548,2015-01-01,,
4069.0_118.0,0.641316109587719,2015-01-01,,
4049.0_238.0,0.6413374643634385,2015-01-01,,
4099.0_98.0,0.6413998102582683,2015-01-01,,
3979.0_208.0,0.6417424107057177,2015-01-01,,
4079.0_73.0,0.6391963419489946,2015-01-01,,
4019.0_253.0,0.64471360376087,2015-01-01,,
4039.0_128.0,0.6447426761444963,2015-01-01,,
4079.0_173.0,0.647969111888163,2015-01-01,,
3949.0_203.0,0.6480194527287814,2015-01-01,,
4009.0_258.0,0.6480212805355444,2015-01-01,,
3974.0_58.0,0.648228805930378,2015-01-01,,
4059.0_48.0,0.6483696019774078,2015-01-01,,
4059.0_53.0,0.6483752819501198,2015-01-01,,
3989.0_253.0,0.6484875545170321,2015-01-01,,
4014.0_153.0,0.6485144697161598,2015-01-01,,
4039.0_158.0,0.6486317801754048,2015-01-01,,
4049.0_263.0,0.6487224035491823,2015-01-01,,
4014.0_113.0,0.6490544451827495,2015-01-01,,
4039.0_228.0,0.6491545465266207,2015-01-01,,
3954.0_258.0,0.6492399494142598,2015-01-01,,
4069.0_193.0,0.6494524452719819,2015-01-01,,
4099.0_63.0,0.6494533837551416,2015-01-01,,
4049.0_178.0,0.6496904129035846,2015-01-01,,
3969.0_143.0,0.6497907740142869,2015-01-01,,
4094.0_193.0,0.6497995058501018,2015-01-01,,
4039.0_123.0,0.6498486614800575,2015-01-01,,
4054.0_53.0,0.6505404430644012,2015-01-01,,
4024.0_133.0,0.6505573400055856,2015-01-01,,
3999.0_133.0,0.6506741859014572,2015-01-01,,
3964.0_78.0,0.6508176158510226,2015-01-01,,
3949.0_148.0,0.6510495250529481,2015-01-01,,
4014.0_268.0,0.651135902818507,2015-01-01,,
3999.0_128.0,0.6478102438586528,2015-01-01,,
3924.0_213.0,0.6447162504053126,2015-01-01,,
3954.0_198.0,0.6477768008486124,2015-01-01,,
4054.0_193.0,0.6475420579622703,2015-01-01,,
4084.0_143.0,0.6448498655292368,2015-01-01,,
4069.0_73.0,0.6448669840284035,2015-01-01,,
3964.0_103.0,0.6451538405324702,2015-01-01,,
4039.0_278.0,0.6454455800363998,2015-01-01,,
4094.0_188.0,0.645541870888776,2015-01-01,,
4064.0_118.0,0.6456654210424176,2015-01-01,,
4054.0_238.0,0.6460008830656518,2015-01-01,,
4064.0_243.0,0.6460438716283786,2015-01-01,,
3934.0_288.0,0.6460479928130533,2015-01-01,,
4019.0_173.0,0.6460645822753432,2015-01-01,,
4024.0_218.0,0.6461142672698315,2015-01-01,,
3954.0_208.0,0.6462429426653064,2015-01-01,,
4089.0_178.0,0.6463620167492794,2015-01-01,,
3924.0_178.0,0.6464791153494949,2015-01-01,,
3964.0_253.0,0.646484751618927,2015-01-01,,
4019.0_48.0,0.6465169966427121,2015-01-01,,
4064.0_223.0,0.6465866654585479,2015-01-01,,
3984.0_163.0,0.646592272882624,2015-01-01,,
3964.0_93.0,0.6466800028135197,2015-01-01,,
3944.0_233.0,0.6468871251929956,2015-01-01,,
3989.0_143.0,0.6469291046568088,2015-01-01,,
3989.0_153.0,0.6470741189882205,2015-01-01,,
4054.0_228.0,0.6471191195877058,2015-01-01,,
4049.0_93.0,0.6471641089478876,2015-01-01,,
3989.0_198.0,0.6472620951524789,2015-01-01,,
3929.0_168.0,0.6476434491876065,2015-01-01,,
3909.0_283.0,0.6278589723974598,2015-01-01,,
3999.0_153.0,0.6389934064901276,2015-01-01,,
4064.0_113.0,0.6386079571189218,2015-01-01,,
4084.0_58.0,0.6311768180913085,2015-01-01,,
4054.0_78.0,0.6312349094000561,2015-01-01,,
4074.0_168.0,0.63126392090539,2015-01-01,,
4074.0_198.0,0.6315762750415865,2015-01-01,,
4054.0_248.0,0.6315820628212915,2015-01-01,,
4059.0_73.0,0.6316069174747444,2015-01-01,,
4014.0_203.0,0.631633966869039,2015-01-01,,
3989.0_73.0,0.6317502717637572,2015-01-01,,
3899.0_258.0,0.6321464167752268,2015-01-01,,
4014.0_68.0,0.6323377193980277,2015-01-01,,
4054.0_118.0,0.6324560200180546,2015-01-01,,
4054.0_148.0,0.6326465579881674,2015-01-01,,
3929.0_248.0,0.6326830034164955,2015-01-01,,
3969.0_293.0,0.6327247001529206,2015-01-01,,
4034.0_133.0,0.6327893672913635,2015-01-01,,
3979.0_148.0,0.6328560598902809,2015-01-01,,
4039.0_143.0,0.6330212281644456,2015-01-01,,
3994.0_143.0,0.6330581912888167,2015-01-01,,
3994.0_63.0,0.6332086116818896,2015-01-01,,
4054.0_123.0,0.6333178828268994,2015-01-01,,
4094.0_178.0,0.6333286874104433,2015-01-01,,
3999.0_98.0,0.6333452142766486,2015-01-01,,
3974.0_313.0,0.6334138412654219,2015-01-01,,
4064.0_88.0,0.6334497136853463,2015-01-01,,
3994.0_243.0,0.6334693494121056,2015-01-01,,
4079.0_78.0,0.6311613928265055,2015-01-01,,
3974.0_103.0,0.6334917534813455,2015-01-01,,
4014.0_193.0,0.6310824654266842,2015-01-01,,
4009.0_58.0,0.63074656237098,2015-01-01,,
3999.0_188.0,0.6279443945107507,2015-01-01,,
4084.0_203.0,0.6279504866980673,2015-01-01,,
4009.0_143.0,0.6280192500073536,2015-01-01,,
4069.0_108.0,0.6280239225957724,2015-01-01,,
4019.0_73.0,0.6282407394327326,2015-01-01,,
4004.0_83.0,0.6282864867569868,2015-01-01,,
4044.0_278.0,0.6282975946797944,2015-01-01,,
4004.0_78.0,0.6286120669350984,2015-01-01,,
4059.0_248.0,0.6287215247457484,2015-01-01,,
4064.0_123.0,0.6290007823010307,2015-01-01,,
4014.0_103.0,0.6291033664580613,2015-01-01,,
3984.0_103.0,0.6292665427197213,2015-01-01,,
4029.0_188.0,0.6293422716423892,2015-01-01,,
4014.0_128.0,0.6295896325071357,2015-01-01,,
3909.0_268.0,0.629846716735075,2015-01-01,,
3904.0_263.0,0.6298758872917315,2015-01-01,,
4034.0_113.0,0.6300126734305718,2015-01-01,,
4059.0_103.0,0.630063933512121,2015-01-01,,
3994.0_208.0,0.6301921647978177,2015-01-01,,
4014.0_168.0,0.6302250406871666,2015-01-01,,
4074.0_88.0,0.630302091981823,2015-01-01,,
4024.0_113.0,0.6304628127394896,2015-01-01,,
4084.0_198.0,0.6305543738027429,2015-01-01,,
3994.0_163.0,0.6306457721575152,2015-01-01,,
4074.0_183.0,0.6307392309839285,2015-01-01,,
4029.0_108.0,0.6309265412889128,2015-01-01,,
3969.0_78.0,0.6388558256293877,2015-01-01,,
3909.0_258.0,0.6340771650610605,2015-01-01,,
4009.0_148.0,0.6341618444047007,2015-01-01,,
4084.0_178.0,0.6359010048006137,2015-01-01,,
4049.0_73.0,0.6359084332208813,2015-01-01,,
3989.0_278.0,0.6360283436830652,2015-01-01,,
4044.0_218.0,0.6360573814315797,2015-01-01,,
4039.0_98.0,0.6361771149535977,2015-01-01,,
4064.0_98.0,0.6362589028019504,2015-01-01,,
4029.0_33.0,0.6364518113171429,2015-01-01,,
4074.0_123.0,0.6365690717498763,2015-01-01,,
4034.0_38.0,0.6365902529781278,2015-01-01,,
4079.0_123.0,0.6366086784115385,2015-01-01,,
4054.0_113.0,0.6366481509385397,2015-01-01,,
4069.0_68.0,0.6368189257468224,2015-01-01,,
4049.0_213.0,0.6369738698087399,2015-01-01,,
4069.0_228.0,0.6369777094855062,2015-01-01,,
3979.0_68.0,0.6371046187299717,2015-01-01,,
3969.0_113.0,0.6371404822990092,2015-01-01,,
4084.0_63.0,0.637292933376997,2015-01-01,,
4044.0_113.0,0.637392387024779,2015-01-01,,
4054.0_23.0,0.6376612617377982,2015-01-01,,
4044.0_123.0,0.6377188177581796,2015-01-01,,
3964.0_293.0,0.6377632273830188,2015-01-01,,
4019.0_58.0,0.6379893305942549,2015-01-01,,
3974.0_228.0,0.6382112737240947,2015-01-01,,
3959.0_213.0,0.6384482683053971,2015-01-01,,
4064.0_238.0,0.6385242808687766,2015-01-01,,
4074.0_83.0,0.6358864256000663,2015-01-01,,
4044.0_183.0,0.6341500865117172,2015-01-01,,
3979.0_293.0,0.6358020407647585,2015-01-01,,
4044.0_173.0,0.6356522535334709,2015-01-01,,
3994.0_263.0,0.6341837012377745,2015-01-01,,
4049.0_223.0,0.634198674764577,2015-01-01,,
4074.0_68.0,0.6342894940324805,2015-01-01,,
4099.0_118.0,0.6343016108432116,2015-01-01,,
4029.0_98.0,0.6343309176271682,2015-01-01,,
3984.0_253.0,0.6343356133331328,2015-01-01,,
3999.0_63.0,0.6343486786291537,2015-01-01,,
4024.0_278.0,0.6343625949127983,2015-01-01,,
3994.0_73.0,0.6343835623277501,2015-01-01,,
4049.0_153.0,0.6344625371319128,2015-01-01,,
3984.0_68.0,0.6345084616905228,2015-01-01,,
4074.0_63.0,0.6345267277012336,2015-01-01,,
3999.0_68.0,0.6346636012833823,2015-01-01,,
4064.0_178.0,0.6347934104516747,2015-01-01,,
4029.0_258.0,0.6348062777480922,2015-01-01,,
4059.0_23.0,0.6348180194895462,2015-01-01,,
4024.0_103.0,0.6349182686362449,2015-01-01,,
4049.0_218.0,0.635047470296779,2015-01-01,,
3904.0_268.0,0.6351399131340597,2015-01-01,,
4004.0_113.0,0.6351664215841102,2015-01-01,,
3989.0_88.0,0.6351740223776378,2015-01-01,,
4059.0_163.0,0.6353780001398632,2015-01-01,,
4084.0_208.0,0.6353843709437376,2015-01-01,,
3984.0_53.0,0.6354719439623906,2015-01-01,,
4019.0_283.0,0.6355148342313596,2015-01-01,,
4059.0_128.0,0.6357760484313452,2015-01-01,,
3959.0_333.0,0.2465798476248355,2015-01-01,,
